Moisture,Protein,Fat,Total Carbohydrates,Sugars,Dietary Fiber,Crude Fiber,Ash,FRAP_value
9.4,9.33,5.195398941176471,58.7,9.70449411764706,17.214,4.256683176470588,1.44,27.80737313130472
10.1,6.65,3.7640224705882352,64.18,12.798611764705882,14.0244,3.847745764705882,1.52,13.32418171591403
11.39,12.369956,5.028300588235294,66.590415,7.983335294117647,12.157292,1.7722,2.995018,16.863673872443737
10.78,13.534674,3.2594788235294114,64.657734,7.983335294117645,12.588942,2.739054,3.140544,10.566451675343593
12.03,13.608959,3.9901494117647056,60.558548,7.188247058823529,14.066403,2.973386,4.803162,38.415123731999785
12.62,12.696314,3.964307647058824,66.251516,7.633211764705883,11.848728,1.677696,2.656352,26.38903504347651
10.8,11.5068,4.221641882352942,56.8204,7.202752941,12.3988,4.743886941,2.676,23.496725357597843
8.2,14.8,5.3,57.19200752941176,7.507623529411765,8.8,5.497376588235294,2.6,13.755716323324105
13.07,9.29,6.63,65.54893801960785,13.049788235294116,7.324353431372548,1.49,3.06,16.203434003295293
12.06,12.6,5.22,58.97597331372549,6.234582352941177,11.589421470588237,4.37,6.63,35.26894367972524
12.42,9.08,5.37,64.66202821568629,9.662652941,7.627073431372549,5.21,7.69,22.12829861854938
12.14,13.25,5.12,60.48420860784313,6.559458823529412,10.270205784313726,2.44,4.31,27.952957565005704
10.93,10.23,5.99,68.25952625490197,8.584164705882351,7.494661666666666,1.71,2.27,16.508660738028556
9.95,12.49,6.77,60.52599684313726,5.990047059,10.157499901960785,1.04,3.09,22.841201160056134
12.47,12.54,6.0,62.23658507843137,6.376517647058824,8.816589314,2.65,2.92,38.24847483541919
9.0,15.7,5.7,58.56947423529412,6.961523529411765,10.3,5.1262267058823525,3.1,22.78990662662401
10.13,13.18,4.197457647058823,63.6,6.278282352941176,12.477786960784314,4.23,2.34,27.64715663767819
11.51,13.48,4.2753258823529405,59.4,6.278282352941176,12.422956176470583,7.04,2.27,21.839687242689354
12.3,7.62113,2.12234,74.30125882352942,19.247411764705884,0.6928300000000001,4.473801647058824,1.20149,23.861356280597885
12.4,7.95408,2.31264,73.75307059,16.300623529411766,0.67452,4.299684,1.06872,19.209709680007183
11.2,7.29048,0.5150399999999999,73.75307059,16.511317647058824,0.3463199999999999,4.630748705882353,0.8347199999999999,18.569037652031515
11.6,7.717320000000002,0.54808,73.75307058823529,16.511317647058824,0.34476,4.473801647058824,0.74256,20.945156964451105
11.18,6.252928,2.08727,72.94409255,19.315647058823533,4.583068431372548,0.781616,1.190188,16.650812692743017
11.08,6.962436,2.054052,72.15627049019609,16.57955294117647,4.583068431372548,0.764712,1.164852,20.23374980892869
11.0,8.3,1.04,72.91269314,14.180135294117648,6.6,3.9353014117647054,0.8,24.854107144523685
11.5,8.5,0.82,71.66975196078431,13.523352941176473,6.8,3.9353014117647054,0.8,35.132770909271514
13.1,8.27288,2.15512,71.32105084313726,19.73349411764706,6.094469607843137,0.45188,1.23398,25.23910914466118
13.0,6.9339,2.262,71.70518319607844,19.32415294117647,4.799997843137255,0.3741,1.3398,23.27840248939164
13.6,6.868800000000001,1.77984,71.21987437254903,22.49792941176471,4.767640666666667,0.45792,1.09728,5.200011428161436
8.44,7.38,2.41,79.62,14.205523529411764,0.83,2.728854588235294,1.33,22.28486935910463
9.39,8.21,2.42,77.52,14.205523529411764,1.05,2.728854588235294,1.43,14.20437191257276
9.05,6.87,2.46,79.46,14.180135294117648,0.94,2.7288545882352944,1.23,12.444680128991884
7.77,6.73,2.7,80.53,14.597376470588234,1.06,2.7288545882352944,1.21,6.562765921679918
7.79,7.1,2.42,80.44,14.597376470588236,0.94,2.728854588235294,1.32,21.539004509549592
8.66,6.97,2.35,79.73,14.205523529411764,0.98,2.728854588235294,1.3,14.573290098764993
9.51,12.0,1.09,75.04,8.751341176470588,1.24,3.2466545882352937,1.11,12.292157877754875
9.62,13.48,1.06,72.61,8.404599999999999,1.87,4.6548407058823535,1.36,18.27081029849319
9.43,15.15,1.23,71.16,8.400576470588234,1.58,5.687801294117647,1.45,38.699563893074725
9.34,12.57,0.94,73.92,8.4046,1.93,3.4437134117647057,1.3,26.457287788947248
9.64,12.96,1.02,73.25,8.4046,1.86,3.884588705882353,1.27,24.778791076344145
9.12,13.03,0.94,74.29,8.400576470588234,1.15,4.197124,1.47,14.346582695898086
9.24,13.24,0.72,74.25,8.741435294117647,1.24,4.589381882352942,1.31,21.217095157260086
12.36666666666666,9.46,4.063634235294117,62.81333333333333,13.089858823529411,11.30333333333333,2.6819155294117643,1.906666666666667,19.42207032587527
40.5,16.5,9.2,24.6,39.80470588235294,12.006748098039216,6.5,2.7,36.709194552454285
72.5,6.4,2.9,13.6,15.413570588235295,5.1651058823529405,3.3,1.3,12.106966892653897
7.3,28.27,26.8,26.85,3.364705882352941,14.848423529411765,6.2,4.58,42.69057934767931
12.76,28.257036,2.608476,50.736447058823536,5.832595882352941,14.918053607843136,7.424123999999999,3.123192,34.82441156320977
11.09,26.086194,1.493688,49.693085352941175,5.142595882352942,13.487942823529412,7.948554000000001,3.503054,47.03293794430447
10.57000000000001,23.681064,1.958517,53.54262941176471,7.890978235294117,14.123036019607843,4.310525999999999,3.630858,32.99297542479365
11.27000000000001,22.528547,2.830487,54.73260194117647,8.643927882,14.092688882352942,4.312278,2.732884,18.690640343475632
10.5,24.6125,2.67605,51.679172411764704,5.174854705882352,13.487942823529412,5.1373,2.80135,35.293373708178855
11.75,21.4271,2.762224999999999,55.93159917647059,7.662769059,15.873568999999998,2.762224999999999,2.691625,27.349645504200833
11.42999999999999,19.122263,3.967936,58.21695470588235,5.881788235294118,19.192992921568628,4.109648,4.295645,38.20355494311263
9.679999999999993,27.3218,2.854112,54.014221176470585,5.375305882352941,13.226034,3.766344,3.152168,23.431480189680673
9.94,20.902926,6.25917,49.271826,3.764705882352941,17.842844352941178,7.096728000000001,4.692126,30.35146153386085
6.7,18.8466,5.8779,57.0996,4.342094117647058,17.744207826634614,5.167376588235294,3.3588,24.684465924605167
8.5,26.8095,5.856,45.6585,4.631184117647059,16.02279335294118,5.861742705882353,3.843,43.83208597080203
7.9,24.7749,6.8154,47.7999,2.9842176470588235,16.29028405882353,6.893470470588235,3.039299999999999,33.04277286463399
7.1,24.8043,6.8746,46.5429,3.0077470588235293,16.547532411764703,6.920723411764706,5.109500000000001,29.602834777691058
8.97,21.28,0.87,61.74,8.564170588235292,19.05542039627666,3.72,3.42,31.476131458068576
8.58,20.24,0.95,63.44,8.109605882352941,19.168088361685765,3.03,3.76,24.583300505087546
8.47,19.6,0.96,63.14,7.192264705882354,19.626911891097528,4.09,3.74,28.028334550052804
7.5,8.75,11.5,67.2,8.583647059,12.152896960784313,4.061902117647058,2.2,14.822192799452637
7.4,26.5,9.6,46.9,2.7724529411764705,17.546312823529412,5.870944882352941,2.0,29.953617607485757
7.6,10.0,13.0,64.4,4.812241176470588,16.11952343137255,4.694843294117647,2.3,27.04060067047462
9.6,24.6,7.2,46.2,2.8986705882352943,16.96892605882353,5.967550647058823,2.0,35.182912063147995
5.44,20.216928,1.059072,60.69089747058824,7.847688235294119,17.0318932,5.941865647058823,3.820224,30.7301691335611
1.67,16.952092,1.071797,55.475068823529405,5.789441176470588,23.20313618441008,5.4691261176470585,4.670675,19.888625100388477
4.02,22.12339,0.950202,54.57939223529412,5.241423529411765,13.17410564589435,4.232322352941176,3.781612,37.58713552478241
2.19,17.097188,0.909633,58.27577841176471,5.890029411764706,16.96149994953064,5.589590823529412,4.372107,44.8490917859286
5.54,21.82026,1.03906,59.84550835294117,6.060235294117646,17.17280889787664,5.438628235294117,3.806738,30.88055007993959
5.64,21.495208,0.688828,60.1291,7.205923529411765,16.48234511937141,5.523557647058824,4.491536,24.205819824694657
5.36,20.77348,0.766584,57.04963252941177,7.422999999999999,13.69174311926606,6.376149529411765,4.30612,30.780621169336005
5.31,21.267374,0.909024,60.040626,7.2471,17.51535541195476,5.363996588235294,4.412554,34.8070953287454
6.77,19.531685,0.978915,62.28931735294117,8.252982352941176,16.41300252652855,4.208122,4.074151000000001,14.902536668710415
2.22,18.13819,0.8800200000000001,55.24889070588236,6.237458823529412,22.09176791120081,5.777678941,4.25343,19.732458981115332
2.57,22.155582,1.149674,56.16045294117647,4.224370588235296,18.92993321190042,3.561734117647059,3.721826000000001,39.26990091129201
2.53,20.712375,1.120905,55.45162941176471,6.082417647058824,22.40281638846737,4.355851764705882,3.947535,43.44413206592944
7.94,20.326848,0.708862,62.12709970588236,8.305923529411768,17.14470220699385,4.122880823529412,4.133494,18.63883766280992
2.4,22.36016,1.00528,56.020582352941176,4.768452941,20.6501364,3.589687058823529,4.518879999999999,21.547363627297827
9.6,23.0,1.9,47.6,2.7,13.7,4.744478764705882,2.1,33.63893965532157
8.9,19.9,6.7,46.1,3.3,13.5,7.262585823529412,2.6,38.37107032865251
8.3,19.7,5.5,41.4,2.2,20.8,6.774184176470588,2.6,27.16755266644627
11.8,25.3,1.7,42.1,1.5,14.6,5.539179470588235,2.3,31.554238366591402
10.3,24.5,2.0,43.2,2.1,13.7,5.141254999999999,3.5,23.20113053697003
9.4,25.61,2.149718235294117,53.61322411764706,1.5,17.7,4.061534941176471,2.14,38.12130081644076
9.47,23.94,2.371405294117647,55.26680294117647,1.5,15.6,3.842013529411764,2.04,18.041900828477793
8.89,25.38,2.5758611764705885,53.71814764705882,1.5,18.0,4.098888823529412,2.29,18.92043988695317
9.08,25.18,2.3722511764705883,54.64514176470589,1.4,16.8,4.011044117647059,2.01,24.371761532164783
9.05,25.29,2.372251176470588,54.64514176470588,1.2,16.9,4.086371176470588,1.76,19.2138122091491
8.99,25.09,2.5758611764705885,54.96220059,1.4,21.0,4.011044117647058,2.21,26.481441695477276
9.53,18.44,2.919339823529412,59.76530447058824,2.9,26.0,4.731412529411764,2.26,14.045029515312297
10.36,18.66,3.327475352941176,58.11859811764706,2.2,20.4,5.527161235294118,1.8,24.36798317910805
6.68,20.79,2.9070094705882354,59.25765459,1.7,21.5,4.279484117647058,1.46,25.104134312845225
7.61,21.54,3.0689269411764704,56.74072647058824,2.8,12.6,4.499988823529412,1.17,9.730753997574983
10.379803921568628,22.0158,0.93318,57.4404,7.664543117647059,20.192819325180253,7.00338,3.18006,21.225674999479377
9.2,18.16,1.19856,64.7404,7.096788235294119,19.810933682364062,3.8136,2.91468,33.518659858996415
9.7,19.9563,1.10166,61.5846,7.298735294117647,20.91193127844249,4.6956,2.95281,22.475105891260025
8.7,20.8164,1.19603,62.9057,7.312123529411765,19.45002374220218,3.8346,2.54727,19.37910722690212
8.7,17.4383,1.13212,65.6447,6.935670588235294,18.088055865850297,4.1998,2.84856,19.193866315009764
8.3,20.9993,1.12791,61.8058,7.312123529411766,18.88573542050929,4.9518,2.82436,17.597996208002986
9.7,18.7824,1.36353,63.1197,7.096788235294119,21.156553141187597,3.7023,3.295949999999999,23.14903840188139
8.8,16.3248,1.05792,66.8496,6.849200000000001,16.493601564717004,4.0128,3.07344,20.460865954573233
8.9,20.6797,1.23896,61.8569,8.752676470588236,19.33777333745313,4.2817,3.05185,28.958373635266412
8.0,18.032,1.3616,64.12400000000001,6.936223529411765,19.47520689109753,4.784000000000001,3.7536,25.910093458087033
9.5,19.0955,1.4842,63.25950000000001,7.360282352941176,20.185852847069945,4.0725,2.61545,23.84830642534084
7.88,20.78,1.54,64.26,7.395923529411766,18.743035752620724,1.48,4.06,21.932470739336004
8.92,22.34,2.08,60.55,8.272537882352943,18.818845134234778,1.88,4.23,26.10936440585273
7.81,27.22,1.36,58.19,6.233047058823529,16.265936546005353,1.42,4.0,32.58087202183023
9.94,21.66,0.63,62.29,8.846949647058823,21.08083863138367,1.39,4.09,31.56454787819973
9.39,23.83,1.5,60.14,6.925417647058824,18.592353542602467,1.29,3.85,25.348748405682617
9.328823529411764,28.0462,1.876,56.749,6.338835294117648,16.290028564184006,3.4706,3.6582,40.11886983563282
15.068823529411766,30.2203,1.4608,54.5061,6.338835294117647,13.664443,3.0129,2.0999,34.02311738504785
9.422352941176472,24.881,1.7005,57.01150000000001,6.118182352941177,17.590309107196358,3.222,2.7745,20.78251725680106
9.435294117647056,28.0275,2.035,56.3325,6.163541176470589,16.290028564184006,3.2375,2.8675,32.667125987211506
9.450588235,23.3748,1.5402,59.9772,9.327249647058824,18.62696635413711,2.718,2.9898,31.50188152727407
9.614705882352942,25.665,1.8585,56.463,6.181123529411765,16.86881655817675,1.77,2.7435,39.81840294212986
10.409411764705885,23.706,1.756,55.8408,7.837658823529413,17.578439460137535,3.424199999999999,3.1608,33.321788635270146
9.300392156862744,22.9941,1.762,57.79359999999999,9.299184941176472,18.979587501650844,2.5549,2.9954,32.178650258624266
9.41,25.3851,1.794,57.0492,6.118182352941176,17.999185290688793,1.8837,3.8571,28.73676507687368
9.438627450980391,23.161,2.0976,57.9462,8.959773176,18.39859311182115,1.4858,2.622,20.00574078659962
10.060588235294118,24.9606,1.323,54.77220000000001,6.118182352941177,16.144546734647335,3.1752,3.969,33.13289089593867
10.148823529411764,25.6082,1.4858,53.2266,6.118182352941176,15.586097408543164,2.7968,4.2826,29.537477675416095
9.184705882,26.2735,1.2155,58.99850000000001,6.260717647058823,17.999185290688793,3.2725,3.8335,32.88251844057688
11.091176470588236,27.4122,1.3095,51.0705,6.687776470588236,13.739193788235292,2.9682,4.6269,37.82455688653085
9.549215686274508,23.6016,1.6986,56.76900000000001,7.893637882352941,18.307114560474368,2.7714,4.6488,43.075922189026564
10.297647058823529,23.8656,1.8984,58.48880000000001,7.387694117647059,17.999185290688793,2.8928,3.2544,31.8430117015163
9.566470588235294,24.728,1.672,55.528,6.118182352941176,16.86881655817675,2.992,3.256,41.30735418993291
9.52,24.66,1.8,57.15,6.118182352941177,17.999185290688793,2.7,3.15,44.54449148223201
9.411372549019609,22.1154,1.6182,59.6936,7.870025470588236,20.11234245459202,2.4273,3.9556,11.858461432575726
10.338235294117649,23.9766,1.706199999999999,57.023,7.274988235294118,18.45480949139201,3.5022,3.6818,34.037159631062295
7.99,18.254784,3.183546,56.383728,6.898547058823531,17.501632349030732,1.858602,3.109938,23.48049086862971
9.1,20.11617,3.42693,53.37648,7.244935294117647,16.46349177688199,1.20897,3.29058,34.7337177641503
7.83,20.839637,4.129216,52.195871,6.181670588235295,14.810205690207198,2.230514,3.760536,21.00706601918774
6.8,22.25616,4.1474,52.27588000000001,4.991623529411764,13.871918201717811,2.02244,4.15672,16.37707860046356
8.6,24.32154,3.64686,50.13290000000001,5.891105882352941,14.840377588235294,1.26132,3.50976,27.11250682207618
10.65,19.58,2.754415647058824,58.72137941176471,2.9,22.8,5.4143410588235295,3.93,30.15512577366023
10.75,20.73,3.01692294117647,58.62665411764706,3.5,21.1,5.1959647058823535,3.55,31.536402447283333
7.36,21.52,3.1491062352941177,59.03766770588236,3.2,21.6,4.352660823529412,4.34,43.6144638311362
11.39,18.07,2.505346823529412,59.517405764705885,3.3,18.6,6.105939529411764,3.85,33.811973820842276
9.54,20.87,2.5843317647058823,59.42507917647058,2.7,22.6,4.562911647058823,3.9,40.08980507718611
10.86,18.75,2.9023233529411767,59.16070576470588,2.5,20.4,5.551008176470588,3.9,29.71322774989579
12.01,20.1,2.9197660588235297,59.31805158823529,2.2,17.5,5.180282352941177,3.93,46.081160007403014
13.39,21.0,1.8714329411764703,53.97,7.690758176470588,18.42534478431373,6.45,3.99,36.923421980733295
6.54,21.40234,3.299138,61.935942,6.858864705882353,18.29168857,4.177662,2.644918,28.761279105005812
10.11,22.005072,1.420262,60.43304700000001,8.354208470588235,19.7671326,3.200084,2.831535,20.97245001224454
10.86,26.180418,0.374388,54.42160352941177,7.804654705882352,9.769744,4.636048,2.103704,22.39402173380301
11.75,23.465675,0.661875,54.595251764705885,9.565031176470589,8.551425,3.9635464117647055,2.038575,28.25472127549693
13.2,24.6,1.81,52.41652947058824,7.7,14.433275431372548,4.95,3.44,30.384859463481618
10.95,20.07,1.96,58.33685141176471,6.47,17.454038705882354,4.27,3.59,26.267503728086023
11.07,22.66,1.86,53.83925305882353,7.69,15.00078794117647,4.6,3.62,30.123099300447045
13.0,23.04,1.77,54.523097,8.24,15.03927901960784,4.34,3.65,29.597749857890694
7.81,23.36,2.92,60.6,5.264382352941176,17.17001605620369,3.2,2.15,16.535000891210625
8.4,23.88,3.14,56.92,5.549288235294118,17.20550627271745,3.72,4.27,20.521427295571097
8.44,23.82,2.3,56.94,6.510864705882353,16.531574985615457,3.24,4.89,29.39071591447665
8.95,22.64,6.44,40.5,3.2703176470588238,19.094117647058823,3.22,2.6220299411764705,19.489460365756607
11.07,26.35,3.23,51.06,6.425676470588236,14.432666431372548,4.03,4.72,30.46864659276447
9.36,25.19,3.17,53.6,6.156617647058824,14.65190214,3.61,3.81,27.572317548522758
14.54,32.58,4.2,26.7,8.494131999999999,19.144805843137256,7.4,11.6,37.05078402912583
8.35,23.36,5.07,53.60597947058824,3.44,16.139450941176474,2.12628,3.62,29.298641075708442
10.67,19.974188,1.849131,61.601968,7.987147058823529,21.994807894529053,3.367741,2.536972,10.34021841280304
11.67,21.958838,1.625272,57.264339,8.020973647058824,20.43057354901961,3.453703,4.027848,23.67172299186605
10.2,25.25176,1.19434,56.72666,6.618988235294118,17.736133306293752,2.77482,3.85242,28.709544636446378
8.11,19.866618,2.232927,62.806815,7.094382352941175,19.122265714626938,4.282074,2.701566,17.947792586085832
9.6,22.20224,1.37408,58.76904,8.465220235294119,19.22547322063356,3.977600000000001,4.07704,33.399277133905585
10.0,22.689,1.413,57.68999999999999,8.537067294117648,19.190167541587872,4.392,3.816,33.37285669205911
9.0,22.3587,1.365,59.54130000000001,8.465220235294119,19.001683774277957,3.822,3.913,41.11994600442253
9.0,20.9482,1.1557,61.2157,8.272358823529412,19.167185102159014,3.9403,3.7401,31.725990943997836
11.5,19.3107,2.0355,58.47195,6.8610235294117645,21.99480789452905,4.64625,4.0356,30.062469115161093
11.0,21.7605,1.335,56.9155,7.982890823529412,20.154771718058463,4.9395,4.0495,38.07650318564433
10.0,23.796,0.8909999999999999,55.71,7.934302588235295,17.73613330629376,5.688000000000001,3.915,27.092517796426133
10.4,20.8768,1.73824,58.07872,8.679984941176471,21.491838482764344,5.151999999999999,3.75424,33.81253432364257
10.0,20.277,1.485,58.85100000000001,8.257252941176473,21.95428421961897,5.571000000000001,3.816,25.304671846500714
10.0,20.277,1.107,60.57,8.210194117647058,21.95428421961897,4.221,3.825,30.405929629016523
9.0,18.7551,1.8291,61.88910000000001,6.905864705882353,19.953339336438532,4.9049,3.6218,32.20241088450271
9.0,20.3476,1.2012,61.0792,8.572276470588235,19.56178844808453,5.096,3.276,18.021803070305666
9.6,19.3456,1.4464,59.95327999999999,6.781511764705883,21.15655314118759,5.469200000000001,4.18552,22.02642800367228
12.0,25.3176,1.1968,52.2896,7.129573176470588,14.858212549019608,5.579199999999999,3.6168,26.417719426229016
12.6,19.228,0.8740000000000001,57.193781058823525,6.9046,18.34865929411765,5.242880294117647,3.4086,13.911797000362533
9.5,19.6385,1.448,60.55412752941177,6.516,15.930766435305244,4.919335294117647,3.801,35.126268599621056
10.2,21.4622,1.1674,58.19009459,11.9434,14.155226129823166,4.591412058823529,2.3348,22.58560100484311
11.5,12.4785,0.9735,67.33891449019609,12.8325,6.876323431372548,4.883342117647058,3.717,24.804321536026798
13.3,16.473,1.2138,61.48584164705882,12.2247,14.948063392156865,4.651632294117647,3.7281,25.5382398713376
12.1,20.9202,1.2306,56.22649570588235,6.328800000000001,17.372542607843137,4.847757941176471,1.8459,28.38255433881146
11.1,28.9814,0.889,53.58916235294118,8.0899,13.603489078431371,4.648243176470588,3.733800000000001,26.774941746295365
9.9,23.6963,1.4416,57.38034941176471,20.5428,13.266194064992382,3.8114964705882346,1.802,27.601220348509425
10.7,18.0386,1.1609,60.94087705882352,12.5913,15.105739964717005,5.285662647058824,1.6967,24.964722404424577
10.1,19.1487,1.1687,60.02916529411765,18.0699,15.225700631383672,5.005075941176471,3.596,24.976961802827162
12.0,19.536,1.056,57.429652823529416,6.864,17.497175960784315,5.115462647058823,2.816,27.701230348698026
12.4,19.0092,0.9636,57.74782147058824,5.1684,18.131386666666664,5.749374411764706,3.4164,39.985342003686895
10.3,21.1692,0.9867,57.67393617647059,5.830500000000001,15.690916247470229,4.817574352941176,3.588,34.10552116829982
12.6,19.3154,0.9614,57.19378105882353,7.166799999999999,18.34865929411765,5.242880294117647,3.496,34.6293513521997
7.7,25.4748,1.4768,54.84016252941177,7.2917,11.698834592652773,3.3065705882352945,4.5227,36.52227357981255
10.3,17.4018,4.7541,53.49080752941177,13.2756,13.53845968627451,4.972061764705882,1.0764,22.119276641860935
10.8,21.2296,0.9812,57.32112670588237,7.046800000000001,15.727782294117649,4.804974529411765,3.6572,18.293767231428017
10.3,21.7074,0.897,56.92192405882353,9.1494,14.773390423940814,4.762339058823529,3.4983,32.36704901321223
12.4,21.1116,0.7884,56.34824094117647,6.7452,17.405257607843136,4.724873941,3.8544,25.19030711766258
11.3,21.3767,1.4192,56.23903476470588,18.0948,14.230243647058826,4.446034823529412,3.548,27.830099626744715
11.3,21.9089,1.774,56.557050647058816,13.2163,14.886899019607844,4.362445294117648,3.902800000000001,31.639772591584293
8.8,25.1712,0.912,55.49976017647059,5.654400000000001,13.034754817522156,3.596289411764706,4.2864,34.83680782846059
14.8,22.7484,0.9372,54.43633547058823,9.372,15.619783431372545,3.734223823529412,3.9192,30.164703078017126
9.3,22.2215,1.995400000000001,58.94643147058824,11.0654,13.433104653227677,3.926368470588236,1.7233,37.96099276349052
13.6,19.2672,1.2096,57.186157529411766,12.2688,15.605702294117648,4.6659541764705885,3.3696,38.35516156379764
10.7,19.3781,1.0716,59.63968411764706,10.8946,16.35509470981504,5.040887705882353,4.0185,31.18917343946405
10.5,19.4215,0.9845,59.55546058823529,12.2615,15.635784454913084,5.018246529411765,3.401,33.70494669049283
12.2,19.8428,0.878,57.075588117647065,10.7116,16.29629394117647,5.199539294117647,3.8632,39.81734186843576
11.0,24.208,0.89,55.10403929411764,9.434,13.791949352941176,3.8847974117647057,2.047,31.810147900523003
11.7,19.0728,1.5011,58.96491205882353,5.6512,18.24864156862745,5.3632994117647055,1.8543,23.39805635504482
9.6,18.8936,1.0848,60.469758352941184,10.4864,15.691836701971903,4.895976470588235,3.977600000000001,34.31813446644269
11.8,23.7258,2.4696,53.69927652941176,9.4374,14.31536007843137,4.065752176470589,3.4398,30.345885251071902
11.5,19.116,1.1505,58.938405,5.31,17.919229803921567,5.793250882352941,3.717,31.736527698244277
8.6,22.85,1.2796,58.193421176470586,5.6668,12.280267064992383,4.119287882352942,2.285,31.56222207390755
9.698823529411763,20.165,1.295,63.085,6.958890882352942,20.139856461953563,3.7,4.254999999999999,12.615679144559682
10.136470588235294,20.8992,1.772699999999999,62.511,6.943708294117648,20.1667321308564,4.198499999999999,3.9186,28.960830553557088
10.24843137254902,20.7675,1.1999,61.7487,6.943708294117648,19.86569360846648,4.9842,3.5997,39.2390088593715
9.310784314,21.9936,2.4128,59.7632,7.561778411764707,20.11234245459202,4.175999999999999,4.4544,18.117933389062475
10.715882352941176,20.4268,2.5648,60.6392,7.664246411764706,20.217391461953564,4.3968,3.5724,17.205542918602113
10.11,21.2245,2.244,62.458,7.287307823529411,20.04102001227605,4.114000000000001,3.4595,15.405857414312106
10.154117647058822,24.8746,2.245,51.4554,6.609458823529412,15.095157737954924,8.531,2.694,43.46658582668435
10.0,22.7,1.8980531764705884,57.7,8.711420235294117,19.149712482764343,5.1,3.5,33.00686935878341
10.0,21.3,1.539623705882353,54.8,8.220290823529414,18.870013012176116,8.2,4.5,39.77331729663917
12.27,32.670652,8.264166,46.758300000000006,4.726082352941177,15.886097176470589,8.483491,2.640673,46.517698687562756
8.32,29.52096000000001,5.454960000000001,42.66913311764706,5.155894117647058,13.751368529411764,14.85216,2.42952,40.95705464417052
4.9,41.77743,8.33076,35.14292352941177,4.966635294117646,16.85172,5.530253588235293,3.29997,43.388796347995964
4.3,41.78262,6.99567,38.21977059,4.966635294117647,20.16399,5.530253588235293,4.08639,42.65091038262045
6.0,32.6744,5.734,38.05585294117648,5.101929411764706,19.646,4.641835,3.6096,30.381636244096835
5.1,40.25658000000001,7.18393,38.21977059,5.727658823529412,23.37387,5.530253588235293,3.45436,32.55103167354853
4.0,40.2816,6.192,38.21977059,6.584529411764706,26.8128,5.248377117647059,2.976,40.95278545454309
10.9,26.4627,1.4256,49.837225352941175,5.142595882352942,13.487942823529412,7.234919999999999,3.2967,37.14949008979496
11.16,27.80692,1.3326,49.739024294117655,5.142595882352942,14.918053607843136,8.555292000000001,2.93172,30.736754617112723
12.91,24.12393,1.56762,49.14811823529413,8.358892588235294,13.51505782352941,6.636258000000001,2.96106,25.588924118727913
12.98,19.49248,1.7404,55.21074176470588,6.461120294117647,17.650602352941178,7.283573999999999,3.39378,24.119144710619015
13.29,22.97815,1.64749,51.388444588235295,7.952415941,14.061786019607842,7.587125000000001,2.94814,40.43473500082015
10.4,20.3,1.3,55.0,8.685614352941178,18.338052227862388,9.8,3.1,21.1988344029327
10.4,18.5,2.9,58.0,6.378535294117647,20.15403487492121,7.2,3.0,47.54134915884532
10.3,15.4284,0.43953,65.73285376470588,5.0232,11.12213188235294,5.9202,3.8571,26.46533071364369
10.5,15.752,0.43855,65.03549435294117,4.5645,12.274378941176469,6.7125,3.759,25.1570472233479
10.4,16.128,0.46592,62.39505023529412,4.8384,12.274378941176469,6.4512,3.9424,32.76539332120078
10.6,15.1086,0.41124,66.706886,4.3806,11.122131882352942,5.6322,3.933600000000001,22.92839268065231
12.3,22.1004,0.63144,50.0767,8.270390647058823,17.634385960784314,5.2315991764705885,2.8064,25.79055139769924
11.7,23.3995,0.59161,43.7968,8.736533764705882,19.297062019607843,5.087171529411765,3.47902,44.56041209474388
11.4,22.0614,2.29474,43.5912,7.8084161176470595,20.33245825490196,4.945525529411765,3.33136,39.711645437602705
10.34,17.2,3.292037176470588,52.892409058823525,5.6,18.827005705882357,6.64,4.4,28.149800355022528
10.36,17.5,3.060662117647059,51.60437164705883,5.6,20.875615470588237,7.72,4.42,33.058952600472665
10.49,18.5,3.5146321176470594,52.62683635294118,4.8,21.39910286,7.45,4.18,22.36868830718719
10.6,18.1,2.7786856470588237,53.58973188235295,5.1,20.67557345098039,6.8,4.47,24.666709616646976
10.28,18.1,3.406736823529412,53.36902894117648,5.0,20.554341129823165,6.84,4.42,34.778920670708885
10.81,20.6,2.8210188823529414,57.15673341176472,5.9,18.110509294117644,4.86,3.36,27.605255632182608
11.07,20.2,2.669370470588235,54.72389776470588,3.3,17.448743274509805,7.19,3.64,29.19782676448593
11.57,21.57692,0.6632250000000001,57.412618,5.376544,21.178985,4.726445117647058,3.669845000000001,36.95752047338377
12.96,20.28032,0.7398399999999999,58.60582876470588,4.804607999999999,20.619776,5.060423941,4.056063999999999,31.571419791839382
13.51,19.20078,0.8821979999999999,58.713991588235295,5.639147999999999,20.281905,5.011041588235294,4.142871,19.637806686430256
13.29,20.37685,0.919126,57.934722882352936,6.581289000000001,22.076366,4.752960705882352,3.884608000000001,35.732409650607025
10.7,27.5,2.5,50.9,5.807070588235294,14.43266643137255,4.6,3.8,37.05496211092165
13.0,25.3,2.0,53.2,8.752326117647058,14.285197843137254,3.3,3.3,22.515181616806377
11.5,28.0,2.7,50.6,5.807070588235295,14.43266643137255,4.1,3.2,36.482428425291616
11.6,27.1,2.8,50.4,5.807070588235295,14.432666431372551,4.1,4.1,39.30369485913553
10.8,30.2,1.9,48.7,5.842364705882353,14.082916352941176,4.3,4.3,30.49881850043005
9.27,23.53,1.51,60.16,6.948847058823529,18.3639803,2.27,3.27,24.4307249628459
9.32,24.46,5.93,54.43,5.062782352941177,16.274385764705883,2.51,3.37,27.211555628043293
2.7,23.17,0.21,54.55861176470589,4.48,18.4,3.6469635294117646,2.78,30.984416334090366
9.7,22.04,2.7,62.06,8.232294118,19.314418365117287,2.2,1.3,25.67879516427963
14.03,22.06,2.02,55.63,8.327840529411764,18.009397784313727,2.31,3.97,34.45881960775127
14.02,25.01,3.05,51.64,9.285284764705883,13.777653313725487,1.98,4.31,43.995258563811554
15.13,25.98,1.91,48.31,8.614920058823529,14.67633660784314,4.62,4.06,42.48932584804704
13.99,26.06,2.36,49.4,8.795531352941179,14.41890331372549,4.06,4.14,36.78310359787667
10.7,22.88759,1.9646,43.4891,4.473929999999999,18.34507623529412,5.397161294117647,2.47361,36.17826639280769
11.0,24.7865,0.9434,52.32862005882353,5.174854705882352,13.487942823529412,4.0139,3.0438,34.063115965608795
10.6,24.71016,0.67944,53.10525941176471,5.221454705882353,13.487942823529412,3.3972,1.90422,28.31196007007399
9.4,24.76098,0.91506,52.42507505882353,5.095237058823529,13.487942823529412,5.435999999999999,2.7633,36.0213486950574
8.9,24.6881,1.05676,55.03863035294118,5.095237058823529,13.487942823529412,4.035729999999999,2.16818,29.495144369650507
8.9,24.76098,0.98388,53.27928094117648,5.095237059,13.603563,5.465999999999999,2.769439999999999,36.00972537304376
7.2,24.74048,0.86304,54.864178,5.171707647058823,13.651625641051568,4.890559999999999,2.24576,30.63605645304445
8.0,24.6836,1.2604,54.317445647058825,5.095237058823529,13.468513705882351,4.7932,2.5852,26.220089864650856
7.5,24.7715,1.332,55.23895741176472,5.171707647058824,13.216151235294118,4.4215,2.3495,34.65940427511029
8.1,24.79462,1.13956,55.23871476470589,5.095237059,13.603563,4.4112,2.86728,42.01736417685399
8.3,24.79568,1.06372,54.36126770588236,5.095237058823529,13.603562999999998,4.493300000000001,2.90689,31.909140516771853
7.69,21.07,5.94,51.829378,3.768552941,19.47876470588235,6.56,2.7,34.2060499909751
10.5,21.0325,1.60205,58.775034294117646,8.679984941176471,16.49635288235294,4.3139,3.28465,30.37599915923878
9.0,16.198,5.278,54.41411764705882,5.040764705882353,17.73171376470588,5.896800000000001,1.6653,18.50362733579043
9.77,19.33,4.69,57.98,4.597741176470588,18.17968020001112,5.1,3.13,26.48124069676811
10.19,20.51,4.04,57.29,6.407435294117647,19.543049365117284,5.08,2.89,19.780419017247667
9.36,20.54,5.6,56.79,3.565294117647059,18.177030639627088,4.93,2.78,31.324274042577667
10.01,20.34,6.01,54.72,4.351505882352941,17.811506392156865,5.71,3.21,32.970304077528816
9.83,17.51,4.23,59.92,6.470188235294118,18.773673847069944,5.47,3.04,35.53719789924781
9.91,23.53,4.4,54.15,5.876394117647059,16.162312725490196,5.04,2.97,26.423838671353252
10.15,20.74,6.19,55.4,3.3670588235294114,17.833467176470588,4.8,2.72,14.404787697707526
10.11,18.96,5.5,56.68,4.543858823529412,17.777030639627093,6.01,2.74,32.86906252777894
10.24,20.61,5.95,55.13,4.237976470588235,17.811506392156865,5.12,2.95,26.676299270111915
9.83,20.56,4.7,56.81,4.128,18.81697093374473,4.87,3.23,21.7463985638473
10.43,20.26,5.67,55.61,4.543858823529412,17.811506392156865,5.11,2.92,47.00460801743739
9.99,15.22,5.28,62.13,5.355505882352941,16.874715588235293,4.65,2.73,38.155520883300966
9.56,19.61,5.24,56.83,4.327976470588235,17.77703063962709,6.02,2.74,17.353181154959056
9.77,17.96,4.95,59.08,4.543858823529412,18.37945731765818,5.34,2.9,27.91082965011658
9.86,18.92,4.55,57.72,4.543858823529412,18.17968020001112,5.67,3.28,29.740503147690962
7.6,22.5,2.05,50.25020564705883,5.0,13.12297133154098,13.2,3.1,29.197797181009005
6.7,22.25,2.07,47.79130094117647,5.1,12.846085102851111,13.7,3.22,45.96154191748062
6.3,22.19,2.1,46.86219505882353,5.0,12.84608510285111,14.1,3.15,49.013000094610916
13.4,20.0,13.5,52.32077694117647,3.658823529411765,19.834432058823527,6.4,3.5,31.595165752713513
11.22,16.06,6.24,34.3,6.3617,28.9,5.1141263529411765,3.21,36.543129177262415
9.33,19.2,6.27,32.0,7.348470588235294,29.5,6.019688529411765,3.74,37.75937802816854
8.88,19.34,6.84,31.2,6.919017647058824,30.4,6.397125352941177,3.41,26.627796748747006
8.67,17.7,7.27,38.3,4.257388235294118,24.0,4.783101647058823,3.93,33.41130766365012
11.388235294117647,19.43688,2.041764,51.427488,8.123094117647058,12.607224,6.348754764705882,3.646644,31.33397137469772
10.215294117647058,23.7299,1.606525,47.253375,8.781741176470588,13.130425,6.564488764705882,4.029775,36.512403833330275
10.909411764705885,23.242187,1.651865,51.60962000000001,8.951482352941175,9.10758,6.902634529411764,3.678748000000001,38.87732856277364
10.443529411764708,23.43967600000001,1.678088,50.369418,9.547452941,10.336308,6.558063941,3.427584,24.792514434971338
11.221176470588237,18.496192,2.173392,54.52262399999999,7.910647058823529,10.670192,5.9674055294117645,3.5776,31.916342070032798
10.368235294117646,20.761345,1.958955,52.58765500000001,8.263429411764706,10.93079,6.809916823529412,3.211255,27.974423086119717
9.854705882352942,25.331988,1.303196,47.7541,8.345341176470589,11.541318,5.070361647058824,3.338324000000001,23.70634880599365
10.498235294117649,21.121384,1.563216,54.12860000000001,7.8848705882352945,9.56796,7.227460235294117,3.45884,39.62999912007645
10.45764705882353,22.608025,1.23855,53.230725,9.361223529411763,9.53145,6.672671294117646,3.14125,32.27041107761439
9.877647059,21.29792,1.39776,51.27807999999999,8.063882352941178,12.12288,6.410740117647059,3.50336,30.900292593861952
10.09705882352941,21.447458,1.401853,50.868513,7.907482352941177,12.304162,6.682141176470587,3.348375,33.56019740633832
10.84294117647059,22.3575,1.690227,50.86778400000001,8.499882352941178,10.516968,6.183886588235294,3.988578,27.599326824516023
10.809411764705883,23.74416,1.870752,51.283788,9.273823529411766,9.326778,6.602929941176471,3.723516,34.56056210438241
13.99666666666667,19.98188405797102,1.256666666666667,57.934722882352936,7.2352915294117635,18.42,4.594297470588236,3.543333333333333,41.53020491528189
13.53333333333333,20.10416666666667,0.9466666666666668,57.934722882352936,8.324347059,30.32,4.699012176470588,3.936666666666667,23.73909411910121
14.87666666666666,21.34420289855072,1.24,58.537535294117646,8.304875823529411,21.83333333333333,4.264763470588235,3.786666666666666,21.55834200161271
14.96333333333333,17.27083333333333,1.17,58.90833635294118,7.584067352941177,24.00666666666667,5.245827764705883,3.666666666666667,41.07139677005762
11.95333333333333,20.91666666666667,1.33,57.798577,7.268856,20.62666666666667,4.942088705882353,3.576666666666666,28.582202776168376
12.63666666666666,22.16666666666667,1.236666666666667,56.42321994117646,8.445501764705881,33.84333333333333,4.238365176470587,3.973333333333333,37.72367657048249
74.79,14.28666666666667,2.2068270588235297,0.18,15.072158823529412,8.176666666666668,3.0917511764705883,0.4599999999999999,9.820945293559785
88.64666666666666,3.23,0.6774529411764706,3.686666666666667,4.0976,3.306666666666666,1.5647058823529412,0.66,9.132486440018495
4.0,28.3,1.6456757647058824,3.7,5.179741176470588,17.237186576839036,2.9,3.8,41.79777189176252
8.1,33.7,30.6,4.8,2.8705882352941177,17.286364705882352,16.9,5.9,58.15653915734068
1.9,26.3,1.2540666470588235,1.0,4.825358823529412,17.644184552631234,2.6,2.3,42.1898731191836
2.6,28.7,1.6456757647058822,3.7,4.8273882352941175,17.499320246748884,4.3,2.7,27.385203625229487
5.3,30.7,1.620444705882353,2.3,5.834682352941177,17.221389922764565,1.3,3.4,34.5436086320655
5.7,17.9,20.2,12.5,3.757058823529412,16.442529411764706,6.558823529411765,1.9,22.32359930867771
2.8,22.9,1.2063158235294118,6.4,4.531829411764706,17.868359411116757,3.5,2.8,30.67418884751741
4.2,26.3,1.3561950588235292,4.6,4.825358823529411,17.826537493807706,2.7,4.1,18.24810073023433
6.5,24.8,2.2,55.8,5.616147059,15.386478011433132,6.8,3.9,45.260838908322604
8.0,25.8,4.6,46.0,4.717241176470588,15.744153170463331,11.4,4.2,35.36407629352222
6.8,22.9,13.1,40.2,2.2588235294117647,18.62376470588235,12.9,4.1,45.16374931619747
9.1,14.3,8.0,62.3,4.775429411764706,16.475146960784315,4.4,1.9,33.85968646879222
9.9,19.7,1.0,58.2,7.065205882352941,21.876749219618965,7.8,3.4,21.894152170076477
9.9,22.7,2.7,53.4,8.558479059,15.190899176470586,7.9,3.4,43.88672495228567
8.0,11.6,2.6,62.7,8.671788235294118,9.944321518,13.0,2.5,30.010022806536057
3.7,32.9,5.579743059,20.5,5.464447059,15.899371999999998,2.1,3.0,39.1849392225019
9.2,22.0,14.2,32.9,2.2588235294117647,19.742941176470588,18.2,3.5,58.600603745134
7.3,18.4,6.9,59.5,4.292682352941177,18.16800005491308,4.3,3.6,11.141528034221604
9.0,11.2,16.3,55.3,3.647058823529412,18.190699901960784,5.9,2.3,25.657239413322838
49.0,4.9,27.8,14.0,32.06470588235294,8.428627450980391,2.5,1.8,10.937394786782754
5.8,8.1,1.9,42.2,11.473135294117649,13.056578621862949,3.336265176470588,7.6,36.837234727102
7.5,9.8,1.8,59.6,11.15004117647059,10.519915406176672,17.0,4.3,33.75944037899781
9.2,6.2,1.5,75.1,13.472517647058824,2.334731176470588,2.9,5.1,19.31373817341571
5.0,11.1,2.1,41.3,8.673405882352942,16.279995111667773,4.932688941176471,10.6,39.725933760467136
8.4,14.3,4.8,61.3,6.1760294117647065,16.156533898050338,8.1,3.1,17.828304594843164
8.0,16.6,3.237459588235294,37.1,6.9123,18.995505760795435,1.5,3.2,20.137587068800283
15.1,16.2,18.5,45.3,3.735294117647059,19.211764705882352,1.2,3.7,33.762336134918094
1.9,3.6,3.251744117647059,10.5,12.356570588235297,7.863402002655384,17.8,0.5,33.44532548512408
4.3,18.4,2.013991529411765,45.1,5.504741176470588,18.20383801,16.2,3.8,39.77573822950311
4.8,34.5576,7.756574588235293,28.832261764705883,10.7,13.4232,5.733746764705884,8.6632,51.814029795951136
8.5,2.4,20.5,47.1,7.473494117647059,15.017324725490196,8.0,3.790735019607842,29.98397158738598
5.9,15.7,5.4,64.0,5.710352941,17.607452182231178,6.6,2.5,47.11261256388049
83.0,2.4,0.3,10.8,6.953694117647059,4.421035294117647,1.7,1.8,3.0974545208366777
84.9,3.5,0.3,6.9,6.212382352941177,4.578801960784314,1.5,2.0,21.42814746678521
84.9,3.4,0.2,5.0,5.469352941176471,5.019313725490196,2.4,4.1,15.713147654179622
84.9,5.0,0.2,3.5,5.023882352941176,4.357549019607842,1.3,5.1,21.291678884763442
84.9,4.0,0.2,3.7,5.469352941,4.479723529411764,2.6,4.7,11.375108589036664
86.4,1.8,0.3,8.7,6.491558823529411,2.807331372549019,1.7,1.1,18.641857015513292
81.5,3.2,1.3,8.3,6.502747058823529,5.938831373,2.4,3.3,25.597807934559054
85.6,3.8,0.8,5.5,5.1059117647058825,3.870605882352941,2.0,2.3,11.246741305519608
85.0,3.5,0.5,6.7,6.212382352941177,4.643115686,2.0,2.2,8.580163435872642
84.8,3.4,0.4,7.1,6.212382352941177,4.685647058823529,1.7,2.6,18.166511533068096
79.4,3.2,0.2,10.4,9.063982352941178,5.122223529411764,3.3,3.5,17.68007339635811
88.4,3.2,0.4,5.2,4.795841176470588,2.841645098039216,1.1,1.7,10.8220259465885
87.7,2.3,0.5,4.7,4.624017647058824,3.287527450980392,1.6,3.2,15.363895472845186
89.9,2.2,0.5,2.9,2.7504529411764707,3.680156862745098,1.5,3.0,21.809585584024948
89.2,2.8,0.4,4.9,4.7229,2.829254901960784,1.1,1.6,7.7067326126085565
87.4,3.7,0.3,4.1,4.296958823529412,3.3136058823529417,1.4,3.1,34.487073547022916
82.4,4.9,0.3,6.2,6.297647059,6.237125490196079,3.0,3.2,11.810337958011406
79.0,5.1,0.3,5.5,10.211570588235295,5.848243137254902,3.0,7.1,26.913247166715816
85.0,4.6,0.9,3.8,5.469352941176471,4.798547058823529,2.5,3.2,22.993804719435563
89.1,2.5,0.4,4.6,4.519017647058824,2.8635862745098035,1.6,1.8,3.2626630791144677
85.0,4.4,0.3,4.3,5.115823529411765,4.084821568627452,1.6,4.4,4.722396697908985
82.8,3.0,0.3,7.3,6.297647059,5.699647059,3.4,3.2,22.958663352451172
81.8,4.8,0.4,5.2,6.3586294117647055,6.237125490196077,2.4,5.4,22.558648989782746
56.6,8.8,1.4,21.9,30.75819588235294,6.593392156862745,7.4,3.9,32.24144866158718
92.2,1.3,0.3,3.4,2.6263941176470587,2.1633235294117648,1.2,1.6,14.052491504891858
75.4,6.4,0.2,9.2,12.041411764705884,5.249713725490195,3.9,4.9,23.439981492079536
93.1,0.6,0.1,3.0,2.5520529411764707,1.7943019607843138,2.1,1.1,9.455562990598445
93.2,0.5,0.1,5.1,3.405705882352941,1.4519921568627454,0.1,1.0,6.784559269141114
47.0,3.3,0.4,47.8,42.07823529411764,9.225978,0.7,0.8,17.3787692503401
70.9,2.3,0.2,24.4,20.005431176470587,4.672164705882353,0.7,1.5,7.284486133793562
91.3,1.3,0.1,0.9,2.835570588235294,3.627215686274509,0.8,5.6,14.378465647124024
82.8,4.6,0.7,8.2,6.297647059,5.175137254901961,1.8,1.9,8.352161415592963
84.0,1.4,0.4,10.3,6.507405882352941,4.411,1.9,2.0,13.56081306362228
93.2,2.2,0.1,2.0,2.614817647058824,2.0342745098039217,1.0,2.5,15.684779055011475
87.1,2.0,0.4,7.7,5.603429411764705,3.093527450980392,1.2,1.6,5.961871606161697
73.3,1.1,0.8,19.0,16.07934117647059,4.577929411764706,1.2,4.6,0.6167940148399431
93.1,1.6,0.2,4.2,2.604876470588235,1.6672627450980393,0.7,0.2,5.252354295701935
91.0,3.4,0.1,3.5,2.636335294117647,2.2998235294117646,0.6,1.4,18.927420950155735
82.8,4.9,0.6,7.3,6.297647059,5.709960784313726,1.7,2.7,18.4449899117332
82.5,5.3,0.4,5.3,6.297647059,6.214125490196079,2.8,3.7,12.081936209510712
72.1,4.8,0.7,12.9,15.413570588235295,5.1651058823529405,6.5,3.0,14.303941050724205
70.5,4.6,0.5,13.6,18.478829411764707,5.1651058823529405,7.3,3.5,27.782234239713194
80.2,5.4,0.7,6.7,8.733335294117648,6.430792156862744,2.1,4.9,12.685422889059904
88.4,0.7,0.2,7.8,5.777194117647059,2.621488235294118,1.6,1.3,8.080815536283737
93.9,0.3,0.2,4.1,2.8438176470588235,1.6683411764705884,0.7,0.8,2.024154905917732
94.7,0.6,0.1,3.6,2.670641176470588,1.6779490196078433,0.4,0.6,13.605203479903897
93.6,0.7,0.3,3.2,2.5520529411764707,1.792537254901961,0.9,1.3,27.060310989857474
94.2,0.2,0.02,4.1,3.191405882352941,1.6683411764705882,0.8,0.7,10.314090238369772
91.1,0.8,0.2,5.3,3.682517647058824,2.053984314,1.1,1.5,16.423959254183927
73.9,1.2,0.2,14.2,13.70533529411765,4.809399999999999,9.8,0.7,22.048021300748623
89.6,0.8,0.1,6.1,4.626194117647059,2.251786274509804,2.2,1.2,3.0134778023737203
84.9,2.2,0.5,7.5,6.517088235294118,4.599880392156863,2.8,2.1,17.067685688239447
93.5,0.3,0.1,5.5,3.405705882352941,1.433227450980392,0.2,0.4,4.178449831966562
76.1,5.0,0.7,13.5,11.717223529411765,4.124635294117647,3.5,1.2,4.590716697508061
90.8,2.1,0.1,5.0,3.522752941176471,2.283235294117647,1.2,0.8,10.596669115585517
80.1,4.1,3.5,8.1,9.512747059,6.016713725490196,2.6,1.6,10.82656399956504
79.6,2.1,0.2,15.4,9.321047059,3.991517647058823,1.6,1.1,5.485183483206448
65.2,3.1,0.1,29.6,22.762431176470585,5.001576470588235,0.9,1.1,10.511956458768445
88.5,4.3,0.8,2.6,3.805511764705882,3.338527450980392,1.6,2.2,10.32383115054374
91.9,1.8,0.8,2.1,2.5513352941176466,3.090039215686274,1.4,2.0,5.981141414129741
86.4,5.2,0.7,3.6,4.6078705882352935,4.145801960784314,1.8,2.3,10.988185816762293
86.2,3.8,0.7,6.3,4.501841176470588,3.2742725490196074,1.3,1.7,0.2560912313994983
88.7,2.0,0.7,4.7,4.792311764705883,2.935547058823529,1.6,2.3,10.330995704483058
88.1,3.1,0.5,5.0,4.7016647058823535,2.822919607843137,1.3,2.0,18.079235663575872
88.38999999999999,2.153333333333334,0.7567692352941178,3.846666666666666,4.006017647058823,3.576666666666667,1.723529411764706,1.782035943,18.08522197606244
92.25,0.6866666666666666,0.2364938823529411,4.016666666666667,2.604876470588235,1.396666666666667,1.0941176470588234,1.496666666666667,10.040350980640323
90.96999999999998,1.486666666666667,0.506764706,3.646666666666667,2.682629411764706,2.23,1.3823529411764706,1.446666666666666,7.289455438108744
89.20333333333333,1.573333333333334,0.7321764705882353,1.876666666666667,3.628335294117648,4.646666666666667,1.5764705882352943,2.39,4.891060830401733
91.08333333333331,0.5299999999999999,0.4835988235294117,2.116666666666667,2.66439411764706,4.446666666666666,1.2999999999999998,1.54,17.325045568498226
89.23,2.416666666666667,0.8454117647058823,1.263333333333333,3.713394117647059,5.266666666666667,1.576470588235294,1.636666666666667,15.1767572831559
92.93,0.4766666666666666,0.326039,1.3,2.3442764705882357,4.213333333333334,1.0411764705882354,0.8266666666666668,8.219297086641905
89.64333333333332,0.4266666666666667,0.6916696470588236,2.326666666666667,3.158923529411765,5.68,1.552941176470588,1.793333333333333,16.329189669117003
90.99,2.656666666666667,0.6402588235294118,2.4,2.689276470588236,1.356666666666667,1.5470588235294118,1.64,4.026776189626172
90.26333333333332,1.58,0.7754931764705884,0.84,2.920629411764706,5.71,1.5647058823529412,1.3,6.8577089571810514
89.16000000000001,0.66,0.6046104117647059,3.373333333333333,3.612511764705882,5.173333333333333,1.811764705882353,1.516666666666667,8.271076268254262
87.18,0.8566666666666666,0.4927986470588235,5.82,4.618135294117646,2.626666666666666,2.147058823529412,3.02,1.445725327963176
88.87333333333333,0.31,0.6810809999999999,2.476666666666667,3.628335294117647,5.696666666666666,1.6294117647058823,2.246666666666667,15.815525676198963
90.49666666666668,1.036666666666667,0.7284343529411765,1.083333333333333,2.8291000000000004,5.173333333333333,1.5058823529411764,1.836666666666667,7.712624837106977
92.64,1.138333333333333,0.4384701176470588,2.07,2.5513352941176475,2.21,1.0941176470588236,1.566666666666667,12.950408948398092
87.67,4.846666666666667,0.6456882352941176,0.33,5.065052941176471,4.420000000000001,1.5676470588235296,2.33,20.804036160681093
89.77,3.22,0.6438941176470587,3.613333333333333,3.148688235294117,1.373333333333333,1.5470588235294116,1.32,6.901605728226443
86.99333333333334,0.5266666666666667,0.3673411764705882,8.926666666666668,6.8380882352941175,2.453333333333333,1.738423529411765,0.8366666666666666,10.734147035688984
91.55,1.583333333333333,0.6058230588235294,0.3833333333333333,2.533100000000001,4.47,1.3588235294117648,1.19,6.759946889553143
89.43,1.376666666666667,0.8166696470588236,1.323333333333333,3.9394529411764703,6.5,1.5823529411764707,0.9366666666666666,2.3877163225112055
87.59666666666668,0.1866666666666666,0.4388420588235293,6.023333333333333,4.590488235294118,3.546666666666667,1.997058823529412,1.796666666666667,17.424374463687283
82.63666666666667,3.926666666666665,0.3852941176470588,3.883333333333333,6.3217647058823525,8.173333333333332,2.2205882352941178,0.97,17.82640718228013
92.63666666666666,0.9766666666666666,0.3323404705882353,2.25,2.5513352941176475,2.213333333333333,1.1294117647058826,1.573333333333334,11.95766865108697
90.55333333333334,1.846666666666667,0.7696108235294118,1.06,2.8291000000000004,5.05,1.4705882352941178,1.13,5.852335027688562
77.94333333333333,2.063333333333333,1.3565320588235297,6.77,11.363335294117649,9.52,3.8358897647058825,3.046666666666667,21.169985834961018
83.37,1.936666666666667,0.3029411764705882,1.36,6.895294117647058,10.76333333333333,2.544117647058824,1.706666666666667,14.033623202637244
90.44,1.146666666666667,0.616,3.456666666666667,2.4822176470588238,3.366666666666667,1.435294117647059,1.456666666666667,0.8971952014760864
80.58,4.1,1.3506882352941174,9.42,8.941688235294118,4.29,3.5288,1.086666666666667,11.337127828920787
7.306666666666668,6.626666666666666,3.9603882352941175,68.49333333333334,13.69655294117647,6.890000000000001,4.835068352941176,10.14333333333333,31.889542438629064
59.35,0.2766666666666666,4.436070588235293,12.67333333333333,32.66411764705883,25.47666666666667,5.444935294117648,1.376666666666667,20.45499881004275
91.87666666666668,0.1666666666666666,0.3459811764705882,2.856666666666667,2.3442764705882357,4.05,1.1941176470588235,0.66,10.094642233828296
14.38333333333333,0.5599999999999999,3.0832283529411764,44.31333333333333,26.747617647058828,30.93,2.797548705882353,6.433333333333334,14.224791995234298
77.75,1.56,1.2108438235294117,16.176407352941176,17.9,2.45,2.836019176470588,1.0,26.226963652311365
77.45,1.61,1.247314411764706,16.499936764705883,16.83,2.34,2.818372117647059,0.97,9.105010361106817
86.4,2.7,0.3,9.0,6.583911764705881,2.972860784313726,0.9,0.7,1.360780985193248
87.4,0.7,0.2,9.1,7.0739705882352935,2.741331373,1.7,0.8,16.609622698119825
81.3,2.2,0.9,10.3,7.210323529411764,4.943282352941177,4.2,1.1,14.884020778011124
76.6,2.5,2.0,14.4,12.219164705882354,4.293517647058824,2.8,1.7,1.2033765046482543
85.0,0.5,0.4,12.0,6.988982352941176,3.2710941176470585,1.2,0.9,10.623318821579112
77.2,1.7,1.5,14.5,11.072105882352943,4.0241058823529405,3.9,1.2,22.456922283836125
82.3,0.5,0.8,10.4,6.7384,4.611082352941176,5.2,0.8,13.94815826057911
81.6,0.7,1.2,14.0,7.347876470588235,3.971588235294118,1.8,0.7,6.010085653990942
79.7,0.5,1.1,16.4,8.6034,3.991517647058823,1.6,0.7,14.365382946776055
78.7,0.8,0.4,18.4,11.02098823529412,4.674164705882353,1.3,0.4,9.395772482115804
76.2,0.6,0.6,21.6,14.5874,4.858223529411765,0.5,0.5,9.85001667806286
81.3,0.6,0.2,16.5,8.895517647058824,4.591047058823528,0.7,0.7,17.640655173072897
88.1,2.3,0.2,6.6,4.805841176470588,2.91076274509804,1.5,1.3,9.531134379487408
85.6,1.7,0.3,10.4,6.725582352941176,3.298801960784313,0.7,1.3,10.156053327596865
88.4,0.7,0.1,10.2,7.091735294117648,2.3756843137254897,0.2,0.4,7.575347946428295
75.4,0.8,0.3,18.9,15.184458823529411,4.622635294117647,3.5,1.1,13.229549300613767
73.4,1.4,0.7,17.6,16.14365294117647,4.301458823529411,6.0,0.9,7.374590649270255
64.7,0.9,0.4,27.2,22.42025470588235,4.957458823529412,3.2,3.6,15.454714945199814
85.7,1.1,0.8,9.3,6.648617647058824,3.4029784313725493,2.0,1.1,1.2999185813397993
83.8,1.1,0.3,13.5,7.387735882352941,3.9095647058823526,0.7,0.6,4.948729259011621
64.6,1.6,0.5,28.9,23.53243117647059,4.957458823529412,2.9,1.5,14.981883233832292
83.9,0.8,0.3,13.9,8.012588823529413,3.1081529411764706,0.7,0.4,5.207893097623394
74.4,4.0,0.5,14.7,12.55504705882353,4.029929411764705,4.7,1.7,19.647060207527552
84.0,1.4,0.3,11.7,6.791335294117647,4.316623529411764,1.0,1.6,9.34003898457333
90.6,1.3,0.2,4.8,3.830517647058824,2.179572549019608,2.1,1.0,7.230673950419049
94.2,0.4,0.04,3.1,2.5520529411764707,1.7926549019607845,1.2,1.1,11.69234231330223
91.7,1.8,1.0,2.6,2.6363352941176466,2.674960784313725,2.1,0.8,6.19879404145387
90.3,1.8,1.3,3.9,3.0770411764705883,2.824215686,1.9,0.8,10.326146571494228
87.6,2.4,0.3,16.8,8.388247647058824,2.5611117647058825,1.7,1.2,5.8051022075130305
88.2,2.8,1.6,3.3,4.347276470588235,3.776860784313725,2.9,1.2,2.8532821210844235
91.0,1.1,0.7,5.2,3.682517647058824,2.0539843137254903,1.1,0.9,9.07958845007978
92.2,1.5,0.3,4.1,2.626394117647058,1.9409431372549015,1.1,0.8,19.842991907701613
87.8,1.2,0.1,9.3,6.670076470588235,2.515449019607843,0.7,0.9,14.203612155680787
89.4,2.0,0.1,5.1,4.346076470588235,2.828803921568628,1.8,1.6,13.778828793699944
68.9,3.3,0.4,25.1,21.596607647058825,4.672164705882353,1.0,1.3,16.74224990292484
68.2,1.3,0.2,27.7,20.632607647058823,4.672164705882353,1.1,1.5,7.676528027768395
78.0,0.9,0.1,16.5,10.638635294117648,4.037988235294117,3.5,1.0,4.656573115845105
69.0,1.1,0.4,22.0,21.778842941176467,4.599164705882353,6.2,1.3,7.662263618236029
56.5,1.7,0.6,27.1,28.31772529411765,6.634568627450982,12.1,2.0,24.96177178815442
76.7,0.8,0.2,19.9,14.5874,4.473811764705882,1.7,0.7,6.692114552041309
62.0,1.8,0.2,30.6,24.981842941176478,5.306870588235294,4.2,1.2,7.4291188809602
71.3,0.6,0.2,26.3,19.578372352941173,4.672164705882353,0.6,1.0,3.684530079958149
68.5,1.6,0.1,27.8,20.632607647058823,4.672164705882353,0.7,1.3,0.366678972250015
65.3,1.4,0.3,27.4,22.42025470588235,4.957458823529413,4.3,1.3,2.689879237458544
93.7,0.4,0.1,3.8,2.670641176470588,1.8244196078431372,0.9,1.1,8.59540911524763
81.1,0.9,0.1,15.6,8.380164705882354,4.591047058823529,1.9,0.4,10.773822895564653
81.7,1.2,0.7,13.1,7.406635294117646,3.982329411764706,2.6,0.7,13.548381139452918
79.4,0.6,0.2,15.4,9.321047059,3.991517647058823,3.9,0.5,19.639582711642344
85.9,0.4,0.4,12.7,8.429894118,2.3541117647058822,0.3,0.3,7.9127788281224145
87.4,0.6,0.1,11.1,7.203729411764705,2.397860784313725,0.4,0.4,3.521657789146949
71.8,0.9,1.0,5.0,19.62098235294118,5.781596078431372,5.236965647058824,0.6,12.291450706768867
69.9,1.7,2.0,18.3,20.82905882352941,4.616988235294118,5.9,2.2,8.987528586926015
80.4,0.7,0.1,17.4,8.077476470588234,4.603341176470588,0.9,0.5,8.275447468732246
73.7,1.0,4.2,14.6,14.33474705882353,4.8094,5.4,1.1,9.5984862179516
72.1,1.1,0.8,18.9,17.20288823529412,4.561282352941176,6.2,1.0,14.453300535168168
78.8,2.7,0.1,15.2,9.834576470588235,3.775047058823529,1.4,1.8,4.460814081161498
14.3,5.1,0.5,55.8,24.71082047058823,10.761159,4.201865529411765,4.0,19.45656168771162
74.6,1.4,0.6,19.3,15.572282352941178,4.622635294117647,2.5,1.6,6.57069579347061
69.2,2.1,0.3,24.3,21.596607647058825,4.672164705882353,1.7,2.4,16.158370244097096
85.2,0.7,0.9,9.5,6.740294117647059,3.699154901960784,3.0,0.7,9.784244849848836
75.2,1.6,1.1,11.1,13.464570588235295,4.4544,9.7,1.3,17.08282812741205
81.2,0.9,0.5,11.7,7.539147059,4.7174,4.1,1.5,21.144668805246557
87.0,1.1,0.4,5.7,4.356958823529412,3.129547058823529,4.5,1.3,17.87948058928036
82.7,1.4,0.5,10.0,6.670941176470588,4.481294117647059,4.3,1.1,9.324802433880325
77.9,1.3,1.0,8.9,12.552276470588236,5.829929411764705,8.9,2.0,24.823296430848025
67.2,3.7,7.2,12.2,21.30135294117647,7.195556862745099,8.0,1.7,28.673321028082267
81.8,1.5,2.2,12.0,7.394205882352941,4.275317647058824,1.6,0.9,2.703498993561229
85.9,0.8,0.3,9.3,6.710794117647059,3.366566666666667,3.0,0.7,7.472199974702623
68.6,0.9,0.4,27.7,21.05066647058824,4.672164705882353,1.4,1.0,12.544620778575208
85.8,0.6,0.2,11.1,7.151170588235295,3.0008960784313725,1.5,0.8,0.2852105682182149
84.8,0.9,0.1,12.2,6.988982352941177,3.3109176470588237,1.4,0.6,7.973725959631186
63.2,6.3,7.5,20.6,23.403666470588234,6.475745098039216,1.5,0.9,12.445169516886544
64.8,2.8,0.8,28.5,22.42025470588235,4.957458823529413,1.2,1.9,11.123783394164453
77.4,1.9,1.5,17.0,11.544517647058823,4.077282352941175,0.9,1.3,14.205282807913381
72.7,3.0,0.3,17.6,16.83894705882353,4.577929411764706,5.2,1.2,29.418294003108578
85.1,0.5,0.4,6.5,6.483558823529412,4.745233333333334,6.6,0.9,11.979029773730499
78.8,1.1,0.6,15.7,9.834576470588235,3.991517647058823,2.8,1.0,22.950352088411393
76.3,1.1,0.1,20.7,14.5874,4.858223529411765,0.7,1.1,12.253248446777484
76.0,0.6,0.1,20.9,14.622282352941175,4.858223529411765,1.3,1.1,12.111543972631397
56.4,3.8,0.5,34.4,29.61772529411765,5.917705882352941,2.1,3.2,13.902840661212325
51.3,2.7,0.1,41.9,37.77588235294117,7.751262235294117,2.7,1.3,6.148125894454661
83.4,0.7,0.3,11.5,6.906870588235294,4.159211764705882,3.6,0.5,16.085880464988417
66.2,1.4,0.7,26.5,21.47907823529412,4.957458823529412,3.9,1.3,6.490458902222664
69.6,1.3,1.0,16.1,20.395311764705884,5.956792156862745,11.2,0.8,13.484742322591682
64.4,1.4,0.1,28.0,23.53243117647059,5.306870588235293,4.7,1.4,6.932311252588426
70.8,1.9,0.6,24.0,20.03549,4.672164705882352,1.1,1.6,23.52345488002406
73.4,2.4,0.4,20.8,16.404117647058825,4.561282352941176,2.1,0.9,16.331863890697758
74.3,0.9,0.6,21.5,16.404117647058822,5.024047058823529,2.0,0.7,2.4695470280895147
58.2,2.7,3.5,32.0,27.065960588235296,6.721039215686274,1.9,1.1,12.676136038842975
75.4,2.6,1.7,17.0,13.865570588235292,4.189047058823529,1.9,1.4,17.914551504475405
71.0,2.1,1.9,21.6,19.98964705882353,4.599164705882353,2.1,1.3,3.376389272798078
69.7,0.8,0.6,25.7,21.59660764705882,4.672164705882353,1.9,1.3,25.00195984851936
70.2,1.9,0.3,22.9,21.02707823529412,4.599164705882352,3.0,1.7,23.34855143078207
66.4,1.2,0.6,26.3,21.47907823529412,4.957458823529412,3.9,1.6,9.148065236821777
70.2,4.3,4.4,17.3,18.738252941176476,4.616988235294117,1.5,2.3,16.438019469893902
77.9,2.3,0.9,13.9,10.85810588235294,4.094105882352942,3.6,1.4,11.535610301768678
74.7,2.1,0.1,20.0,15.572282352941178,4.622635294117647,2.0,1.0,1.5100042073135844
69.6,2.4,0.6,23.5,21.596607647058825,4.672164705882353,1.8,2.1,9.889247060072334
70.0,3.3,0.2,22.6,21.02707823529412,4.599164705882353,1.9,2.0,16.984201362204093
74.1,4.5,0.5,21.3,15.572282352941174,4.568341176470589,1.8,2.3,10.701634785678703
66.8,2.9,3.4,19.6,23.39996058823529,6.031968627450981,3.8,3.5,14.807260949830955
13.2,3.2,0.7,72.2,23.80644117647059,3.489107647058824,5.2,5.5,19.286934803705424
72.0,1.1,0.3,22.4,19.225313529411764,4.583164705882353,2.8,1.4,3.673211412692024
96.1,0.4,0.1,2.6,2.5520529411764707,1.657321568627451,0.6,0.2,15.066758274094436
90.4,0.4,0.2,7.4,5.168194117647059,1.874258823529412,0.7,0.9,2.3936443377332175
92.0,0.5,0.1,5.5,3.811341176470588,1.5299274509803924,0.9,1.0,5.703483402640703
81.5,0.9,0.1,13.8,6.9532823529411765,3.971588235294118,2.0,1.7,3.809273580995808
83.7,1.9,1.3,6.3,6.218235294117647,5.158547058823529,5.1,1.7,10.663977014111275
74.3,4.3,0.5,15.6,14.166570588235295,3.975517647058824,3.3,2.0,21.484875493272856
87.4,1.3,0.5,6.7,4.830488235294118,3.1084098039215684,3.3,0.8,15.162709839987262
65.1,2.7,2.9,21.3,23.20778411764705,6.318439215686274,6.8,1.2,11.07405196347467
36.1,3.2,0.7,46.3,48.34176470588235,10.184467,9.8,3.9,18.867797489784664
80.1,1.1,0.1,15.289875000000002,5.1,5.649450980392156,2.4176470588235297,0.8,1.5720128333035737
54.5,1.6,0.1,28.847372549019603,30.6,8.920578392156862,4.050558823529411,1.0,18.192245590587603
44.1,2.0,0.2,35.68943866666667,44.2,10.711076039215689,4.829323529411766,1.2,11.368124045780643
9.2,2.7,0.2,73.86497794117646,44.3,4.202519411764705,5.112754588235295,1.9,26.2747355887436
83.7,1.0,0.1,12.224117647058824,5.1,5.022627450980392,2.446764705882353,0.7,8.443483945455483
76.5,0.9,0.1,17.588048529411765,18.8,4.4699607843137255,3.107089764705882,0.5,10.992608628821266
35.9,2.1,0.1,45.49345688235294,49.0,9.162738588235294,4.811201176470589,1.1,7.738882827413563
18.0,2.2,0.2,72.13035539215686,55.1,5.161833137254901,3.705013176470589,1.5,17.67804984128795
84.2,1.1,0.1,12.241764705882352,6.4,4.726607843137254,2.206070588235294,0.7,17.806430260906108
66.5,1.1,0.1,26.211764705882352,23.4,6.246921569,3.3529411764705883,0.8,17.000639373673234
37.9,1.9,0.1,39.87997717647059,46.2,11.087992509803923,5.134823529411765,1.2,2.538987787832263
25.1,3.0,0.1,67.43094362745099,53.9,6.146280196078431,3.636913411764706,1.4,11.296138453938656
83.7,0.8,0.1,12.48690588235294,7.0,4.750901960784313,2.435188235294117,0.7,21.056871220413257
58.9,1.1,0.1,28.01292549019608,31.9,7.800298980392157,4.232911764705882,0.9,12.532347845632225
41.3,1.1,0.1,35.68943866666667,46.1,10.711076039215689,5.169382352941177,1.0,3.4738874383125706
22.3,2.1,0.1,66.50375539215688,57.0,6.275950784313726,3.326325176470588,1.4,8.81959382001236
85.1,0.7,0.1,11.029411764705882,5.3,4.244527450980392,2.0178352941176474,0.6,8.567304261430575
64.1,1.0,0.1,26.529411764705884,24.9,6.106333333333333,3.0529411764705885,1.0,19.91266653096592
44.7,1.4,0.1,34.14104901960784,48.1,10.711076039215689,4.829323529411765,1.1,10.816974915449215
25.5,2.0,0.2,67.43094362745097,49.9,6.146280196078431,3.6369134117647057,1.6,17.302400946887783
84.6,0.9,0.1,11.847316176470589,3.4,4.173919607843136,2.070776470588235,0.7,21.206487244181098
74.0,0.9,0.0,19.976923529411764,23.0,4.880019607843137,3.561897058823529,0.6,8.234913792099025
45.8,1.5,0.1,32.13310784313725,43.6,10.711076039215689,4.829323529411765,1.0,18.348783882324753
83.2,1.1,0.1,12.356792647058825,7.7,4.750901960784313,2.082058823529412,0.8,6.112255306538005
62.6,0.4,0.1,26.910196078431373,31.1,6.804568627450981,3.7176470588235295,0.9,5.411212010477204
39.7,1.8,0.2,39.87997718,40.8,10.711076039215689,5.139882352941177,1.1,8.341471316376431
29.5,2.3,0.1,52.86227766666666,57.2,8.360383098039215,3.748448705882353,1.5,15.512612045616397
81.7,1.3,0.1,13.316470588235294,7.6,4.919215686274509,2.5408823529411766,0.8,2.5232442578540484
62.2,1.1,0.1,26.789396078431373,29.7,6.871627450980391,3.7035,0.7,26.88797877522047
45.2,1.6,0.2,34.14104901960785,43.9,10.711076039215683,4.829323529411766,1.0,19.062470746219855
21.3,2.4,0.2,71.15741421568627,57.7,5.683009607843138,3.326325176470588,1.3,15.230672720956541
82.7,0.9,0.1,12.545882352941176,5.6,5.252862745098039,2.046764705882353,0.8,23.030276554388045
72.1,1.0,0.0,20.52398235294118,27.1,4.897666666666667,3.2902617647058823,1.0,16.507760558146405
37.6,1.5,0.2,39.87997717647059,50.1,11.087992509803923,5.134823529411765,1.3,20.70040023114823
85.5,0.8,0.1,11.270588235294117,7.0,3.219507843137255,1.826658823529412,0.6,13.924926538694578
57.0,1.3,0.1,27.75410196078431,31.8,8.218887215686275,4.050558823529411,1.0,13.023558554485971
48.9,1.2,0.1,29.82972549019608,44.8,10.711076039215683,4.622323529411765,0.8,14.405835708132699
4.3,18.4,12.2,27.05497882352941,2.6829411764705884,11.79335294117647,16.2,3.8,44.54310313120348
10.4,3.2,0.3,71.99517401960783,21.611811764705884,5.009342941,5.4,4.5,21.107029598514586
83.56,0.88,0.2823529411764706,11.574117647058824,5.08,10.29,2.4469529411764706,0.65,28.255681716988512
83.59,1.07,0.2823529411764706,11.86470588235294,7.36,7.38,2.4410705882352945,0.62,3.0110270558771473
82.3,0.95,0.5055294117647059,13.238235294117649,8.19,7.92,2.170294117647059,0.66,13.22128023736606
78.39,0.86,1.0668979411764703,15.688358823529413,11.58,8.45,2.9360191764705887,0.75,6.034269367137
73.78,1.06,1.1896711764705885,18.447511764705883,17.51,6.87,3.606811176470589,0.78,4.067068193872386
64.58,1.37,2.518676470588236,24.703,25.16,7.8,3.4411764705882355,1.08,0.16991350081423828
66.68,1.14,2.3627941176470597,23.96770588235294,22.32,8.86,3.764705882352941,1.01,7.428333974774774
55.78,1.34,2.8350823529411766,28.55567058823529,33.07,8.62,3.827029411764707,1.18,16.95437408558685
39.43,1.82,2.716805882352941,38.57740394117647,45.44,11.82,5.039970588235295,1.5,18.455142282906447
82.34,1.03,0.482,13.144117647058824,6.6,9.5,2.170294117647059,0.53,26.711964030778432
85.55,0.9,0.2764705882352941,10.96470588235294,7.41,5.74,1.791364705882353,0.39,6.273536575890576
83.12,0.88,0.4176647058823529,12.613045588235297,9.45,6.08,2.058529411764706,0.48,12.951994045381266
76.47,0.99,1.239785,16.841230882352942,16.92,5.14,3.271183882352941,0.48,6.250438934345848
71.3,1.07,0.9014323529411764,20.99457058823529,21.25,5.79,3.19327,0.59,4.799141758483238
69.73,0.89,0.6411764705882353,22.27058823529412,20.2,8.61,2.9058823529411764,0.57,7.787542989961469
51.73,1.23,2.4163058823529413,28.407617647058824,37.93,8.28,4.252094117647059,0.82,3.977632216839094
55.21,1.05,2.416258823529412,28.03717647058824,35.82,7.13,3.827029411764706,0.78,18.657177480077873
45.05,1.25,2.668570588235294,33.77130141,43.87,8.87,4.805794118,0.97,13.45594967508591
85.43,0.7240397058823529,0.55,11.488060294117648,8.76,2.991231373,0.55,1.0,4.819891338587159
81.5,1.2,0.5611058823529412,14.1,6.975164705882354,4.193105882352941,1.1,0.6,18.857967219235103
13.2,2.6908,3.7,68.9192,24.293241176470588,4.739540196078431,7.2044,4.34,19.17806595100737
80.2,2.0,0.8,9.6,9.222158823529412,5.551047059,6.0,1.4058,9.294784645357295
26.9,2.9971,1.1696,62.135,47.39838235294117,9.703434529411766,4.3129,2.4854,9.710626162201052
72.6,0.4932,0.3014,23.7,18.59354882352941,4.583164705882352,2.3,0.6028,11.948825129221522
73.0,0.702,0.189,23.409,18.082982352941173,4.583164705882352,1.404,1.296,16.505272584468326
85.2,0.6068,1.406,10.804,6.938170588235294,3.351507843137255,0.5032,1.4948,0.845171616357165
70.2,4.4998,2.5032,16.0026,19.638252941176468,6.1037333333333335,5.3044,1.49,16.793552691282436
47.2,6.336,0.5808,18.5856,42.07823529411765,7.138098039215686,4.763858823529412,3.3264,18.53026960360008
80.8,0.81,0.69,15.5,8.211576470588236,4.614988235294117,1.1,1.1,6.344814524570301
72.9,0.813,0.4065,23.9022,18.082982352941173,4.583164705882352,1.4905,0.4878,10.657978525646755
78.2,2.507,1.308,13.298,10.238517647058824,4.1941058823529405,3.9022,0.8066,17.808344591579278
77.9,1.1934,6.8952,9.3041,11.144041176470587,5.783752941176469,3.8896,0.9061,4.8298559609871905
41.9,9.877,13.3049,27.5975,38.69235294117647,8.433096098039217,4.7061,2.6145,20.656811691475777
73.5,1.5105,0.689,20.6965,16.404117647058825,4.568341176470589,2.703,0.901,10.842365715266482
82.8,1.3,0.894,13.55,7.691811764705883,3.883741176470589,0.395,1.89,12.300785085181541
87.47,0.93975,0.888377,5.196191,4.624017647058824,3.2319588235294114,2.1500000000000004,1.150254,0.949859379638637
92.86,0.375564,0.152796,4.094076,2.858117647058823,1.6198705882352942,1.035294117647059,0.358428,5.375129370861995
94.42,0.433008,0.042408,2.44404,2.5520529411764707,1.7735372549019608,0.9588235294117644,0.236034,0.3533788663313988
92.72,0.525616,0.111384,2.058056,2.614817647058824,2.100288235294118,1.0176470588235291,0.307216,11.076172183525088
91.0,0.4581,0.1845,6.4935,4.733635294117646,1.8800235294117649,1.2058823529411764,0.4302,14.727143359075239
89.23,1.26009,0.208938,6.442614,5.043252941176471,2.4760176470588235,1.741176470588235,0.277866,26.20751014947882
95.75,0.646425,1.199775,1.05825,2.5520529411764707,1.9037333333333333,0.9588235294117644,0.175525,7.73858212053438
95.4,0.1,0.1,3.03692,2.670641176470588,1.834027450980392,0.9588235294117649,0.2,12.024631351991165
10.4,3.2,1.8123930588235293,76.2,18.763829411764704,2.334731176470588,5.4,4.5,2.099619996234556
6.7,2.43,0.1866,73.41752696,21.6456,3.5952252941176472,5.3181,4.9449,9.790834225784625
76.93,1.51,1.834065,17.69212205882353,12.81304117647059,4.665870588235293,3.179046,0.768231,22.48015396413369
73.0,1.7766,2.1816,19.229864705882356,17.183725294117647,4.684341176470588,3.6801,0.891,24.39066219107845
72.8,1.8088,2.244,19.229864705882356,17.183725294117643,4.684341176470588,3.68016,0.8704,2.197520856555287
73.18,1.780848,2.17242,19.229864705882356,17.183725294117643,4.684341176470588,3.59388,0.893106,11.823504531312725
76.4,1.6166,1.88328,17.82153382352941,12.81304117647059,4.9033411764705885,3.64148,0.76228,29.96155909622832
73.2,1.77684,2.13864,18.717570588235294,17.183725294117643,4.684341176470588,4.1272,0.871,11.481195470898218
72.55,1.83366,2.2509,18.964629411764705,17.183725294117643,4.684341176470588,4.2822,0.90585,12.356381326331174
72.55,1.8117,0.85095,19.58280588235294,17.943331176470586,4.684341176470588,4.25475,0.919575,15.864626413728477
41.29,2.38,1.08,39.34992352941177,42.60235294117647,9.821757333333334,7.72,2.28,18.370439558601355
58.9,2.5071,5.0964,25.6464,27.06596059,6.897509804,5.9595,1.8906,26.705129801722958
67.5,2.86,4.9075,22.3275,22.36719588235294,4.672164705882353,1.3,1.105,5.886163592554686
34.32,2.76,1.8402882352941177,35.06,45.97117647058823,11.14,4.003500000000001,1.78,17.750586111541878
82.42,1.2,0.4176470588235294,10.02,6.691688235294117,3.4,2.6472470588235293,0.58,9.606939360925255
83.16,1.15,0.3752941176470589,12.51,7.288582941176471,2.4,2.076176470588235,0.61,12.556242781267958
96.0,0.476,0.2352107647058823,3.2966851470588234,1.968,1.56,0.9588235294117644,0.16,6.752989223727273
78.9,1.3504,2.848499999999999,14.75870588235294,10.4867,5.865799999999998,3.1895721176470597,0.4219999999999999,18.03825333330918
87.9,1.0648,1.536699999999999,9.143918098039212,5.929,1.730299999999999,1.7941176470588236,0.6412999999999996,10.319294878859957
83.2,0.5,0.3,13.9,7.805030000000001,3.883741176470589,1.332058823529412,0.2,8.832897818598884
87.3,0.5,0.1,10.6,7.203729411764705,2.6015666666666664,1.2560705882352945,0.3,5.027272686724331
85.9,0.3,0.2,11.7,7.469082352941176,2.9889352941176472,1.3207764705882352,0.2,5.553164446153264
84.4,0.2,0.6,13.9,8.656706470588235,3.304623529411765,1.3440117647058822,0.2,21.723001511869764
83.8,0.1,0.2,10.7,6.507405882352941,4.150329411764706,1.914894117647059,0.3,13.242166774409359
86.8,0.3,0.2,10.4,6.985141176470589,2.601566666666667,1.2560705882352945,0.3,2.641046124603165
86.5,0.5,0.2,11.5,7.065876470588235,2.193249019607843,1.3796,0.1,11.72306025775729
86.3,0.6,0.2,11.8,7.592905882352941,2.223249019607843,1.3207764705882352,0.1,5.4796972308139065
86.7,0.3,0.1,11.9,7.513317647058823,2.1657784313725488,1.3207764705882352,0.1,10.593377854669374
86.9,0.7,0.4,9.6,7.081441176470589,2.601566666666667,1.420776470588235,0.3,1.28327115330781
86.0,0.2,0.5,12.0,7.517847059,2.193758823529412,1.3207764705882352,0.3,10.151676760918964
86.3,0.2,0.1,12.5,8.184876470588236,2.2605823529411766,1.3207764705882352,0.2,8.213983617201594
85.0,0.2,1.4,12.6,7.187247058823528,3.3382705882352943,1.5087176470588235,0.3,11.807369484080851
87.6,0.3,0.5,10.2,7.300029411764705,2.468272549019608,1.2443058823529412,0.2,6.495138537452021
87.3,0.3,0.1,11.2,6.985141176470589,2.3725078431372557,1.2560705882352945,0.3,18.721437024768914
84.0,0.1,0.6,14.3,8.701294705882354,3.3046235294117645,1.3261764705882353,0.4,10.298120602864689
85.8,0.2,0.2,11.1,7.151170588235295,2.984954901960784,1.3913647058823528,0.1,7.814635735863153
85.0,0.4,0.1,13.5,8.391947647058824,3.338270588235293,1.2498941176470586,0.2,1.0212561951354582
84.7,0.2,0.2,10.0,6.651111764705882,4.149196078431372,1.9796,0.2,3.3353693915398384
86.3,0.3,0.1,11.6,7.263288235294118,2.223249019607843,1.3207764705882352,0.2,0.40841808194406415
83.6,0.3,0.1,14.5,9.094088823529413,3.5258000000000003,1.4791176470588236,0.2,4.587737285213921
87.4,0.2,0.1,9.6,7.300029411764705,2.601566666666667,1.3678352941176473,0.1,19.92029174929287
86.1,0.3,0.1,12.0,7.517847059,2.193758823529412,1.3207764705882352,0.5,22.542003165458546
88.7,0.3,0.1,8.7,6.057135294117647,2.400213725490196,1.7705882352941178,0.2,3.0198222922954177
87.5,0.2,0.2,8.2,6.674852941176471,2.595684314,1.9735294117647055,0.2,18.638139493776123
84.0,0.6,0.2,9.9,6.854117647058822,4.342431373,2.203129411764706,0.4,15.533220427516635
86.7,0.4,0.1,11.0,7.061523529411765,2.372507843137255,1.2207764705882354,0.3,4.680260647380164
85.9,0.2,0.2,11.0,7.090052941176471,3.0431901960784318,1.3913647058823528,0.2,10.477473624982002
86.3,0.2,0.2,11.4,7.263288235294119,2.135013725490196,1.3796,0.2,22.309552937938616
85.4,0.1,0.2,10.6,6.837641176470588,3.210660784313726,1.4795999999999998,0.2,0.4456596151077834
79.8,0.3,0.2,17.5,9.129223529411762,4.729223529411764,1.8458262352941175,0.4,22.786438004470796
80.0,1.3,0.1,16.5,8.603399999999999,4.750635294117647,2.0,0.4,0.8739444550021425
86.1,0.4,0.2,10.9,7.009170588235294,3.043190196078431,1.3796000000000002,0.4,13.227558964646203
86.6,0.2,0.2,10.5,6.985141176470589,2.3978607843137256,1.2737176470588234,0.4,5.07087853984667
85.7,0.6,0.2,11.0,7.151170588235295,3.217366666666667,1.4501882352941178,0.3,3.790884685126923
86.0,0.3,0.1,11.3,7.151170588235294,2.984954901960784,1.3913647058823528,0.6,12.70358735296097
85.3,0.2,0.3,12.7,7.726776470588235,3.338270588235293,1.3440117647058822,0.3,6.46174903927904
84.2,0.1,0.5,13.6,8.385530000000001,3.323741176470588,1.5381294117647055,0.3,12.868009648968489
85.9,0.3,0.2,11.4,7.151170588235295,2.9849549019607844,1.391364705882353,0.3,2.4279042663627193
85.9,0.3,0.2,10.2,6.960405882352941,3.105566666666667,1.2737176470588234,0.3,2.948293856008635
85.9,0.3,0.1,12.5,8.225052941,2.260582352941176,1.332541176470588,0.3,7.870464813796514
85.6,0.6,0.3,10.6,6.878229411764706,3.3391549019607845,1.4795999999999998,0.4,9.807485090583297
88.0,0.3,0.1,10.2,7.090029411764706,2.3756843137254897,1.2443058823529412,0.2,11.535556831489437
89.6,0.1,0.1,6.1,4.943929411764706,2.001492156862745,1.723529411764706,0.4,12.107933979356837
90.0,0.2,0.1,8.2,5.853723529411765,1.982964705882353,1.3764705882352943,0.3,14.090514592925182
92.6,0.1,0.1,5.1,3.744058823529412,1.6459627450980392,0.9823529411764704,0.1,9.262945382829523
82.4,0.6,0.2,11.4,6.855458823529411,3.9893882352941175,2.2585294117647057,0.3,7.365633990921793
88.8,0.6,0.1,9.2,6.4424882352941175,2.320096078431373,1.5470588235294118,0.4,12.192402435055932
89.4,0.4,0.1,9.1,6.162488235294116,2.2087823529411765,1.5705882352941178,0.1,1.9447523285122026
58.7,7.35,17.1,14.9,0.34,5.4,5.3743470588235285,1.97,35.205062449882135
92.5,0.83,0.63,5.51,3.8154588235294113,2.1,0.9529411764705882,0.56,2.324382083147368
93.6,1.04,0.39,4.11,1.29,1.6775764705882352,0.9705882352941176,0.89,13.149688779844059
2.2,20.4,3.436524588235294,16.2,4.17,11.0,7.600355294117645,3.47,39.57017225540916
89.6,2.92,1.49,4.42,0.8,4.1,1.5058823529411764,1.54,13.729392570049807
43.4,4.52,14.4,36.3,4.5,2.4,4.622682352941177,1.44,21.807899286957312
94.7,0.48,0.43,1.99,1.28,1.0,0.9588235294117649,2.44,1.3288583232274522
90.9,0.55,0.7,7.59,7.72,0.2,1.2647058823529411,0.29,13.462173372659548
88.3,0.91,0.27,10.1,8.39,1.5,1.391364705882353,0.43,10.20412641098222
1.5,21.0,3.436524588235294,17.1,3.14,10.3,7.50012,4.3,39.01534235196501
89.8,2.94,1.21,5.3,1.12,2.6752745098039217,1.6176470588235297,0.73,19.22343981141335
83.7,4.25,3.38,5.3,1.42,4.3,2.3,3.37,12.409622773443246
83.9,1.06,0.44,14.0,8.99,3.0,1.3791176470588236,0.63,2.539073035892721
89.0,1.06,0.28,9.18,7.89,1.5,1.547058823529412,0.48,2.8972582870235297
76.7,1.15,12.9,4.96,12.22815882352941,4.0,4.310215647058823,4.29,12.802160781787396
94.6,0.84,0.5,3.32,2.99,1.677949019607843,0.9588235294117644,0.74,7.601888533905934
90.1,0.81,0.47,7.92,4.2,3.2,1.5823529411764703,0.72,12.616019334461587
30.0,3.3,0.92,63.9,47.9,9.8,3.684483058823529,1.86,19.14659976547859
94.7,1.24,0.26,3.24,1.19,1.8,0.9588235294117649,0.55,12.506605453320105
90.2,0.82,0.18,8.16,7.88,0.8,1.4176470588235297,0.63,4.774999811367575
86.7,0.91,0.15,11.8,8.57,2.0,1.3796000000000002,0.43,12.033199387505737
84.1,0.38,0.16,15.1,9.69,3.1,1.2908823529411764,0.3,10.116434641109791
90.0,2.57,0.34,6.27,1.4,2.4,1.535294117647059,0.83,2.12793099845761
68.5,1.11,0.55,26.8,21.8,4.599164705882352,2.129411764705882,3.02,9.462648712469623
88.6,0.94,0.1,9.93,5.76,2.2,1.4472470588235296,0.43,20.588974795947397
90.1,0.83,0.05,8.61,5.82,1.9,1.3764705882352943,0.41,14.262692550551758
63.1,6.62,0.38,28.2,22.867313529411764,2.7,3.2387941176470587,1.71,18.29740232652197
7.85,38.6,20.7,27.9,3.0047058823529413,15.407210588235296,8.830452411764705,4.92,47.88320602603438
91.3,0.89,0.13,7.68,5.76,1.2,1.0764705882352943,0.5394352941176471,11.384016203656824
78.3,0.73,0.22,20.1,15.8,1.7,1.924736823529412,0.67,13.329466833911148
75.3,0.74,0.29,23.0,15.8,1.7,2.340815058823529,0.7,15.510391783384566
84.67,0.1875,0.2125,14.7817,12.2205,2.043,1.3261764705882353,0.1483,15.257919960568351
83.61,0.1484375,0.1625,15.6511625,13.331,2.075,1.5232352941176468,0.4279,5.559676854678562
84.65,0.1328125,0.15,14.7680875,11.8325,2.109,1.3261764705882353,0.2991,6.404249232953009
85.14,0.265625,0.1375,14.142975,10.6505,2.514,1.202835294117647,0.3139,11.738726000540325
85.03,0.1015625,0.1,14.6819375,12.369,1.721,1.361470588235294,0.0865,5.27593912817012
88.57,2.5,0.2563,7.5897,4.785841176470589,4.376,1.6588235294117648,1.084,11.109715709875605
89.24,2.89875,0.1875,6.94125,4.636194117647058,2.85,1.6823529411764704,0.7325,16.03148094936948
88.6,2.414375,0.195,8.170625,5.374194117647059,4.166,1.7176470588235293,0.62,13.175186740949387
91.83,2.890625,0.3708,4.079375,2.6263941176470587,1.717,1.3,0.8292,4.350988561433161
92.4,3.546875,2.125,1.293125,0.5569,3.228470588235294,1.3352941176470583,0.635,9.353362894427322
92.52,2.851875,0.6188,2.406325,2.5513352941176466,1.558,1.2352941176470589,1.603,3.755206844899311
92.43,2.90625,0.6044,2.64135,2.297982352941176,1.588,1.276470588235294,1.418,16.050600524356433
94.73,0.695625,0.425,3.837475,2.843817647058824,0.9706,0.9588235294117644,0.3119,9.97456671733458
88.14,0.0859375,0.2863,11.3639625,10.295,2.140525490196078,1.256070588235294,0.1238,7.338771483027308
88.25,0.734375,0.325,10.340625,8.276,2.460978431372549,1.2443058823529412,0.35,10.096669903243576
83.71,0.2578125,0.2875,15.6227875,14.036,2.2995647058823527,1.523235294117647,0.1219,21.273296355137777
83.66,0.09375,0.265,15.84375,14.446,2.244564705882353,1.523235294117647,0.1375,16.451160064355534
92.3,0.868785294,0.3375,7.26375,3.413,2.0785529411764707,1.123529411764706,0.09875,11.534825518274804
89.84,0.5703125,0.2669,9.1021875,7.116,2.2990176470588235,1.423529411764706,0.2206,8.20079380307017
93.6,0.859375,0.2875,4.320625,2.567,1.681752941176471,1.035294117647059,0.9325,2.7856156888019528
88.48,0.8125,0.3563,10.0124,8.077,2.380743137254901,1.3913647058823528,0.3388,10.084345918398753
91.48,2.75,0.3117,4.6583,3.019105882352941,1.879,1.3058823529411765,0.8,23.96977410727623
88.13,2.40625,0.3075,8.50065,5.853488235294117,3.009,1.623529411764706,0.6556,1.2830554723710277
88.29,2.416875,0.245,8.141425,5.596841176470588,2.945,1.7294117647058824,0.9067,0.6361919386880688
91.82,3.09375,0.1967,4.01455,2.6263941176470587,1.781,1.3529411764705883,0.875,5.48423308208062
90.37,2.203125,0.265,6.604375,4.162547058823529,3.071,1.523529411764706,0.5575,21.09500708478871
89.85,2.18,0.4494,6.7593,4.372841176470589,3.139,1.4941176470588236,0.7613,9.081011037662574
89.56,3.5,0.24,5.7637,4.418370588235295,2.753,1.647058823529412,0.9363,21.396499261201555
91.52,2.776875,1.957,2.996125,2.636335294117647,2.48613725490196,1.4411764705882355,0.75,5.912534265675621
87.72,0.94125,0.3506,10.26755,7.206499999999999,3.095,1.2443058823529412,0.7206,3.105008962498199
89.3,0.805,0.1375,9.0787,6.057135294117647,2.694,1.6352941176470588,0.6788,0.37366787322992323
94.12,0.715,0.1063,4.7781,3.622176470588235,0.9419,0.9470588235294118,0.2806,10.912811136147589
92.08,0.819375,0.1211,6.601725,4.165635294117647,1.071,1.1,0.3778,13.060588423956226
91.93,0.895625,0.1256,6.653175,4.165635294117648,1.158,1.1,0.3956,16.030651414142174
91.88,0.881875,0.1556,6.703125,4.165635294117648,0.9674,1.1,0.3794,2.450939147327565
4.316,26.24375,1.8560290588235293,16.24925,6.999282352941176,9.266,6.752163176470587,2.961,33.76603007986682
8.281,8.1125,0.9513,79.9422,14.205523529411764,5.401,2.820042823529412,2.713,22.099076139651146
1.104,23.99124,3.978586,22.70376,7.161435294117647,6.323,7.469760588235294,2.771,29.236978793610714
0.6056,19.7054,4.028174059,14.179,6.764711764705882,8.372,6.996968823529412,3.11,28.356411215151766
1.751,20.78734,2.385725529411765,21.23666,6.803205882352942,9.718,7.110851176470588,3.185,39.94465403680738
6.804,18.0359,3.677358235294118,34.3551,6.162752941176471,23.13,8.715335294117647,3.525,26.70588851846285
95.5,0.7425,0.07375,3.36875,2.670641176470588,1.6779490196078433,0.9588235294117649,0.315,8.009527761541454
94.29,0.976875,0.07125,4.055575,2.670641176470588,1.531105882352941,0.9411764705882352,0.6063,3.65188708955385
95.05,0.883125,0.1063,3.260575,2.5520529411764707,1.6779490196078433,0.9588235294117644,0.7,6.528286735938333
94.01,1.09375,0.1563,4.06615,2.670641176470588,1.531105882352941,0.9411764705882352,0.6738,0.5005908552718505
1.925,15.7039,4.508831764705882,18.5921,6.962111764705883,3.941,7.8228929411764705,2.509,21.81462765163393
4.261,21.45038,2.485066705882353,20.03462,7.223341176470588,10.78,6.9010703529411765,3.164,32.76701466586233
3.145,14.5644,4.403514117647058,10.9096,6.950347059,5.21,7.2278176470588225,1.641,22.487188235832356
2.623,9.9587,4.358677764705882,12.6993,9.844005882352942,5.793,5.097600470588236,1.439,19.799968173183817
84.99,0.4609375,0.2113,14.0914625,11.42,0.9346,1.202835294117647,0.2463,6.52389551908247
82.18,1.039375,0.1925,16.163125,13.872,2.8524352941176465,1.558529411764706,0.425,5.56313597873398
89.66,1.96875,0.275,7.41245,2.3338,3.011,1.5058823529411764,0.6838,16.94007817722913
78.61,2.27375,0.36,17.77125,0.5263,4.299223529411765,2.089442705882353,0.985,12.38318540779291
80.47,2.0625,0.2475,16.27,0.6639,4.148588235294117,1.9235294117647064,0.95,14.449894672829199
81.07,1.8125,0.2638,15.9624,0.6451,4.068017647058823,1.723235294117647,0.8913,12.710805043178466
79.54,1.578125,0.375,17.327875,6.0588,4.523223529411765,2.212972117647059,1.179,20.088476396622582
95.2,0.4921875,0.1625,3.3165125,2.670641176470588,1.6779490196078433,0.9588235294117644,0.8288,11.544104738914939
95.87,0.625,0.1775,2.9525,2.5520529411764707,1.6874392156862743,0.9588235294117649,0.375,26.450986848087744
91.87,0.96125,0.2275,6.38375,3.977811764705883,1.8497294117647056,1.1,0.5575,8.673550414901108
91.14,1.2425,0.2138,6.7899,4.733635294117646,1.8800235294117649,1.2294117647058822,0.6138,9.116900595647225
90.83,0.640625,0.22,7.964375,4.862,2.0256705882352946,1.2705882352941176,0.345,9.793008882555814
85.55,1.008125,0.1875,12.904375,2.6759,3.235390196078431,1.411658823529412,0.35,30.233949344048032
84.19,0.703125,0.3063,14.571775,9.356,3.184329411764706,1.3261764705882353,0.2288,11.510488867473809
78.19,0.914375,0.1638,20.196825,17.341,3.349082352941177,2.0425603529411767,0.535,15.397182695746302
79.88,0.89875,0.2325,18.60375,16.133,3.055317647058823,2.018854470588235,0.385,2.757895783958424
87.1,0.2734375,0.1625,12.2615625,9.663,2.2854666666666668,1.1501882352941175,0.2025,10.579098274010484
10.56,0.918225,0.4938,87.312975,25.024352941176478,4.834,2.7034310588235293,0.715,5.60835162438048
2.265,15.03684,3.313848470588236,21.64216,6.5096823529411765,5.984,7.798405882352942,3.626,26.26542750911433
4.811,17.4423,3.528411764705883,36.2887,7.578047058823529,4.104,9.222982352941177,2.598,34.38292523058646
4.309,13.4938,3.152536705882353,26.5012,7.867052941176471,8.41,5.943111764705883,2.206,27.09553457828612
4.816,23.205,1.8556718823529412,26.498,7.598305882352941,8.014,7.028329176470587,2.201,19.634700274021977
7.326,5.28675,4.636,80.45025,14.205523529411764,8.711,2.7034310588235293,2.301,17.855043923740062
1.829,7.7857,2.482207176470588,24.0943,9.726358823529411,7.563,3.7200016470588233,1.361,21.986981488869677
3.95,20.5057,2.506665058823529,27.6943,8.591988235294119,6.969,7.745204117647059,2.83,29.51902821509089
6.621,29.9079,1.5918621176470586,18.6751,7.888341176,5.079,6.085275,4.766,44.21470917291577
4.873,18.8733,3.2780764705882355,24.5007,7.3783,7.215,7.901069411764706,3.313,19.63097551339721
4.69,16.1385,15.28,58.9025,4.736211764705883,34.24,6.815882352941176,4.989,33.18542462025357
12.3,21.5625,2.199,59.7955,7.361473,21.05273485531336,4.636888529411765,4.143,21.086540242446965
8.774,21.275,6.274,60.358,3.272941176470588,19.47647058823529,5.080631882352941,3.319,30.24680689143143
9.451,23.56875,1.925,62.17125,6.899994117647059,18.3639803,4.3208964705882345,2.884,23.1658892853381
11.01,21.225,2.419,61.836,6.964220235294118,20.968421129823167,4.1515487058823535,3.51,29.208538681444686
70.79,6.9125,1.273,19.8135,17.90700588235294,4.616988235294118,3.3543829411764707,1.211,4.729803797553527
70.96,6.56875,1.398,19.98325,17.90700588235294,4.616988235294119,3.4704994117647057,1.09,3.9897281468279173
71.53,7.4125,1.169,18.8185,17.09894705882353,4.616988235294118,3.631844117647059,1.07,10.733753956404115
68.59,7.01875,3.096,20.32025,20.78974294117647,4.244929411764706,3.0532000000000004,0.975,28.371068674072625
68.82,7.8,1.256,21.03,21.77884294117647,4.244929411764706,3.0061411764705888,1.094,8.236235757986304
68.93,7.30625,1.299,21.44675,21.77884294117647,4.244929411764706,2.823788235294118,1.018,25.046915209692347
80.53,4.734375,1.153,12.707625,7.89355882352941,4.086164705882353,2.582188235294118,0.875,4.7855718386510535
71.33,6.69375,1.266,19.60025,17.432299999999998,4.616988235294118,3.4999111764705884,1.11,17.79918910185554
71.62,6.925,1.296,19.1659,17.09894705882353,4.616988235294118,3.482624117647059,0.9931,14.769047066840532
71.16,7.03125,1.266,19.32875,17.907005882352937,4.616988235294118,3.482624117647059,1.214,2.7837870241927627
95.01,0.984375,0.205,3.27,3.0213470588235296,0.7525,0.9588235294117644,0.54,20.650052296126244
94.05,0.890625,0.135,4.39,3.241464705882353,0.9563,0.9470588235294118,0.5275,5.919627526485138
87.32,1.14875,0.1675,10.50745,7.021552941176471,1.959,1.2443058823529412,0.8563,9.52267362120398
87.22,1.25,0.1825,10.48,6.802964705882353,2.635,1.232541176470588,0.8675,24.382980041480312
94.54,1.02375,0.2338,3.51495,2.604876470588235,1.259,0.9588235294117644,0.6875,8.193312238939559
92.72,1.640625,0.2375,4.723075,2.879635294117647,1.948,1.0352941176470587,0.6788,0.5807992728665594
87.51,2.96875,0.77,7.02225,4.768547059,3.816,1.8235294117647056,1.729,24.34978084598507
84.62,3.984375,0.565,9.615625,6.629611764705882,4.785,1.897058823529412,1.215,12.915277835513528
88.16,1.6875,0.3025,8.787,5.1015,3.119,1.7235294117647058,1.063,5.496684773732241
93.11,0.851875,0.12,5.399325,2.354,2.448,0.9823529411764704,0.5188,2.9560476622291256
93.93,0.8675,0.2063,4.2874,2.613,0.8725,0.9470588235294118,0.7088,18.55172878918066
90.21,1.351875,0.3825,6.331625,3.517,1.636,1.5352941176470587,1.724,13.285674997399187
71.93,4.234375,0.7325,20.188125,11.693,4.704,3.383605294117647,2.915,26.923268029877878
89.94,1.4375,0.3975,7.137,3.744,1.944,1.4588235294117649,1.088,16.28209629700874
89.11,1.578125,0.265,8.036875,4.313,1.971,1.5529411764705885,1.01,6.791328502971796
87.88,0.96125,0.405,10.23875,6.25,1.51,1.4060705882352942,0.515,15.616976199199982
90.59,0.53125,0.2163,8.14995,7.029,2.2022000000000004,1.2705882352941178,0.5125,11.229631157630209
66.06,1.15625,0.8933,30.95215,14.243,2.125,2.6139382352941176,0.9383,12.02399959569552
63.59,1.229375,0.685,33.587325,2.412,2.53,3.214985294117647,0.9083,12.12083256279918
90.94,1.64875,0.325,5.36825,3.782517647058823,2.28,1.2352941176470589,1.718,13.118766809532755
92.57,1.4375,0.2163,5.1012,3.4678705882352947,1.883,1.035294117647059,0.675,18.771207485298564
67.0,1.8125,20.31,8.3235,18.008823529411764,7.302745098039217,4.8515411764705885,2.554,30.83735582841233
80.25,2.789375,1.626,14.689625,7.372,2.428,2.1116,0.645,6.52643036142349
83.83,1.008125,0.64,13.818075,8.5568,2.129,1.5555882352941175,0.7038,2.245987614776408
84.65,1.039375,0.4575,13.421825,9.116,1.328,1.2910705882352942,0.4313,10.322450032322106
83.2,0.5625,0.5725,15.265,10.698,1.753,1.3261764705882353,0.4,7.474519014672962
80.79,0.6875,0.6813,17.3962,11.1,1.289,1.898767411764706,0.445,16.110043477422085
84.27,0.3125,0.3713,14.7674,7.79871,2.636,1.3261764705882353,0.2788,6.6356592056875465
84.94,0.578125,0.2825,13.455575,7.964,1.346,1.2498941176470588,0.7438,0.9970374314266284
67.71,1.166875,0.99,29.191425,19.16633,1.792,2.466879411764705,0.9417,6.9849724292493764
