moisture,protein,fat,ash,crude_fiber,total_carbohydrates,dietary_fiber,sugars,FRAP
9.4,9.33,5.195398941,1.44,4.256683176,58.7,17.214,9.704494118,27.81
10.1,6.65,3.764022471,1.52,3.847745765,64.18,14.0244,12.79861176,13.32
11.39,12.369956,5.028300588,2.995018,1.7722,66.590415,12.157292,7.983335294,16.86
10.78,13.534674,3.259478824,3.140544,2.739054,64.657734,12.588942,7.983335294,10.57
12.03,13.608959,3.990149412,4.803162,2.973386,60.558548,14.066403,7.188247059,38.42
12.62,12.696314,3.964307647,2.656352,1.677696,66.251516,11.848728,7.633211765,26.39
10.8,11.5068,4.221641882,2.676,4.743886941,56.8204,12.3988,7.202752941,23.5
8.2,14.8,5.3,2.6,5.497376588,57.19200753,8.8,7.507623529,13.76
13.07,9.29,6.63,3.06,1.49,65.54893802,7.324353431,13.04978824,16.2
12.06,12.6,5.22,6.63,4.37,58.97597331,11.58942147,6.234582353,35.27
12.42,9.08,5.37,7.69,5.21,64.66202822,7.627073431,9.662652941,22.13
12.14,13.25,5.12,4.31,2.44,60.48420861,10.27020578,6.559458824,27.95
10.93,10.23,5.99,2.27,1.71,68.25952625,7.494661667,8.584164706,16.51
9.95,12.49,6.77,3.09,1.04,60.52599684,10.1574999,5.990047059,22.84
12.47,12.54,6,2.92,2.65,62.23658508,8.816589314,6.376517647,38.25
9,15.7,5.7,3.1,5.126226706,58.56947424,10.3,6.961523529,22.79
10.13,13.18,4.197457647,2.34,4.23,63.6,12.47778696,6.278282353,27.65
11.51,13.48,4.275325882,2.27,7.04,59.4,12.42295618,6.278282353,21.84
12.3,7.62113,2.12234,1.20149,4.473801647,74.30125882,0.69283,19.24741176,23.86
12.4,7.95408,2.31264,1.06872,4.299684,73.75307059,0.67452,16.30062353,19.21
11.2,7.29048,0.51504,0.83472,4.630748706,73.75307059,0.34632,16.51131765,18.57
11.6,7.71732,0.54808,0.74256,4.473801647,73.75307059,0.34476,16.51131765,20.95
11.18,6.252928,2.08727,1.190188,0.781616,72.94409255,4.583068431,19.31564706,16.65
11.08,6.962436,2.054052,1.164852,0.764712,72.15627049,4.583068431,16.57955294,20.23
11,8.3,1.04,0.8,3.935301412,72.91269314,6.6,14.18013529,24.85
11.5,8.5,0.82,0.8,3.935301412,71.66975196,6.8,13.52335294,35.13
13.1,8.27288,2.15512,1.23398,0.45188,71.32105084,6.094469608,19.73349412,25.24
13,6.9339,2.262,1.3398,0.3741,71.7051832,4.799997843,19.32415294,23.28
13.6,6.8688,1.77984,1.09728,0.45792,71.21987437,4.767640667,22.49792941,5.2
8.44,7.38,2.41,1.33,2.728854588,79.62,0.83,14.20552353,22.28
9.39,8.21,2.42,1.43,2.728854588,77.52,1.05,14.20552353,14.2
9.05,6.87,2.46,1.23,2.728854588,79.46,0.94,14.18013529,12.44
7.77,6.73,2.7,1.21,2.728854588,80.53,1.06,14.59737647,6.56
7.79,7.1,2.42,1.32,2.728854588,80.44,0.94,14.59737647,21.54
8.66,6.97,2.35,1.3,2.728854588,79.73,0.98,14.20552353,14.57
9.51,12,1.09,1.11,3.246654588,75.04,1.24,8.751341176,12.29
9.62,13.48,1.06,1.36,4.654840706,72.61,1.87,8.4046,18.27
9.43,15.15,1.23,1.45,5.687801294,71.16,1.58,8.400576471,38.7
9.34,12.57,0.94,1.3,3.443713412,73.92,1.93,8.4046,26.46
9.64,12.96,1.02,1.27,3.884588706,73.25,1.86,8.4046,24.78
9.12,13.03,0.94,1.47,4.197124,74.29,1.15,8.400576471,14.35
9.24,13.24,0.72,1.31,4.589381882,74.25,1.24,8.741435294,21.22
12.36666667,9.46,4.063634235,1.906666667,2.681915529,62.81333333,11.30333333,13.08985882,19.42
40.5,16.5,9.2,2.7,6.5,24.6,12.0067481,39.80470588,36.71
72.5,6.4,2.9,1.3,3.3,13.6,5.165105882,15.41357059,12.11
7.3,28.27,26.8,4.58,6.2,26.85,14.84842353,3.364705882,42.69
12.76,28.257036,2.608476,3.123192,7.424124,50.73644706,14.91805361,5.832595882,34.82
11.09,26.086194,1.493688,3.503054,7.948554,49.69308535,13.48794282,5.142595882,47.03
10.57,23.681064,1.958517,3.630858,4.310526,53.54262941,14.12303602,7.890978235,32.99
11.27,22.528547,2.830487,2.732884,4.312278,54.73260194,14.09268888,8.643927882,18.69
10.5,24.6125,2.67605,2.80135,5.1373,51.67917241,13.48794282,5.174854706,35.29
11.75,21.4271,2.762225,2.691625,2.762225,55.93159918,15.873569,7.662769059,27.35
11.43,19.122263,3.967936,4.295645,4.109648,58.21695471,19.19299292,5.881788235,38.2
9.68,27.3218,2.854112,3.152168,3.766344,54.01422118,13.226034,5.375305882,23.43
9.94,20.902926,6.25917,4.692126,7.096728,49.271826,17.84284435,3.764705882,30.35
6.7,18.8466,5.8779,3.3588,5.167376588,57.0996,17.74420783,4.342094118,24.68
8.5,26.8095,5.856,3.843,5.861742706,45.6585,16.02279335,4.631184118,43.83
7.9,24.7749,6.8154,3.0393,6.893470471,47.7999,16.29028406,2.984217647,33.04
7.1,24.8043,6.8746,5.1095,6.920723412,46.5429,16.54753241,3.007747059,29.6
8.97,21.28,0.87,3.42,3.72,61.74,19.0554204,8.564170588,31.48
8.58,20.24,0.95,3.76,3.03,63.44,19.16808836,8.109605882,24.58
8.47,19.6,0.96,3.74,4.09,63.14,19.62691189,7.192264706,28.03
7.5,8.75,11.5,2.2,4.061902118,67.2,12.15289696,8.583647059,14.82
7.4,26.5,9.6,2,5.870944882,46.9,17.54631282,2.772452941,29.95
7.6,10,13,2.3,4.694843294,64.4,16.11952343,4.812241176,27.04
9.6,24.6,7.2,2,5.967550647,46.2,16.96892606,2.898670588,35.18
5.44,20.216928,1.059072,3.820224,5.941865647,60.69089747,17.0318932,7.847688235,30.73
1.67,16.952092,1.071797,4.670675,5.469126118,55.47506882,23.20313618,5.789441176,19.89
4.02,22.12339,0.950202,3.781612,4.232322353,54.57939224,13.17410565,5.241423529,37.59
2.19,17.097188,0.909633,4.372107,5.589590824,58.27577841,16.96149995,5.890029412,44.85
5.54,21.82026,1.03906,3.806738,5.438628235,59.84550835,17.1728089,6.060235294,30.88
5.64,21.495208,0.688828,4.491536,5.523557647,60.1291,16.48234512,7.205923529,24.21
5.36,20.77348,0.766584,4.30612,6.376149529,57.04963253,13.69174312,7.423,30.78
5.31,21.267374,0.909024,4.412554,5.363996588,60.040626,17.51535541,7.2471,34.81
6.77,19.531685,0.978915,4.074151,4.208122,62.28931735,16.41300253,8.252982353,14.9
2.22,18.13819,0.88002,4.25343,5.777678941,55.24889071,22.09176791,6.237458824,19.73
2.57,22.155582,1.149674,3.721826,3.561734118,56.16045294,18.92993321,4.224370588,39.27
2.53,20.712375,1.120905,3.947535,4.355851765,55.45162941,22.40281639,6.082417647,43.44
7.94,20.326848,0.708862,4.133494,4.122880824,62.12709971,17.14470221,8.305923529,18.64
2.4,22.36016,1.00528,4.51888,3.589687059,56.02058235,20.6501364,4.768452941,21.55
9.6,23,1.9,2.1,4.744478765,47.6,13.7,2.7,33.64
8.9,19.9,6.7,2.6,7.262585824,46.1,13.5,3.3,38.37
8.3,19.7,5.5,2.6,6.774184176,41.4,20.8,2.2,27.17
11.8,25.3,1.7,2.3,5.539179471,42.1,14.6,1.5,31.55
10.3,24.5,2,3.5,5.141255,43.2,13.7,2.1,23.2
9.4,25.61,2.149718235,2.14,4.061534941,53.61322412,17.7,1.5,38.12
9.47,23.94,2.371405294,2.04,3.842013529,55.26680294,15.6,1.5,18.04
8.89,25.38,2.575861176,2.29,4.098888824,53.71814765,18,1.5,18.92
9.08,25.18,2.372251176,2.01,4.011044118,54.64514176,16.8,1.4,24.37
9.05,25.29,2.372251176,1.76,4.086371176,54.64514176,16.9,1.2,19.21
8.99,25.09,2.575861176,2.21,4.011044118,54.96220059,21,1.4,26.48
9.53,18.44,2.919339824,2.26,4.731412529,59.76530447,26,2.9,14.05
10.36,18.66,3.327475353,1.8,5.527161235,58.11859812,20.4,2.2,24.37
6.68,20.79,2.907009471,1.46,4.279484118,59.25765459,21.5,1.7,25.1
7.61,21.54,3.068926941,1.17,4.499988824,56.74072647,12.6,2.8,9.73
10.37980392,22.0158,0.93318,3.18006,7.00338,57.4404,20.19281933,7.664543118,21.23
9.2,18.16,1.19856,2.91468,3.8136,64.7404,19.81093368,7.096788235,33.52
9.7,19.9563,1.10166,2.95281,4.6956,61.5846,20.91193128,7.298735294,22.48
8.7,20.8164,1.19603,2.54727,3.8346,62.9057,19.45002374,7.312123529,19.38
8.7,17.4383,1.13212,2.84856,4.1998,65.6447,18.08805587,6.935670588,19.19
8.3,20.9993,1.12791,2.82436,4.9518,61.8058,18.88573542,7.312123529,17.6
9.7,18.7824,1.36353,3.29595,3.7023,63.1197,21.15655314,7.096788235,23.15
8.8,16.3248,1.05792,3.07344,4.0128,66.8496,16.49360156,6.8492,20.46
8.9,20.6797,1.23896,3.05185,4.2817,61.8569,19.33777334,8.752676471,28.96
8,18.032,1.3616,3.7536,4.784,64.124,19.47520689,6.936223529,25.91
9.5,19.0955,1.4842,2.61545,4.0725,63.2595,20.18585285,7.360282353,23.85
7.88,20.78,1.54,4.06,1.48,64.26,18.74303575,7.395923529,21.93
8.92,22.34,2.08,4.23,1.88,60.55,18.81884513,8.272537882,26.11
7.81,27.22,1.36,4,1.42,58.19,16.26593655,6.233047059,32.58
9.94,21.66,0.63,4.09,1.39,62.29,21.08083863,8.846949647,31.56
9.39,23.83,1.5,3.85,1.29,60.14,18.59235354,6.925417647,25.35
9.328823529,28.0462,1.876,3.6582,3.4706,56.749,16.29002856,6.338835294,40.12
15.06882353,30.2203,1.4608,2.0999,3.0129,54.5061,13.664443,6.338835294,34.02
9.422352941,24.881,1.7005,2.7745,3.222,57.0115,17.59030911,6.118182353,20.78
9.435294118,28.0275,2.035,2.8675,3.2375,56.3325,16.29002856,6.163541176,32.67
9.450588235,23.3748,1.5402,2.9898,2.718,59.9772,18.62696635,9.327249647,31.5
9.614705882,25.665,1.8585,2.7435,1.77,56.463,16.86881656,6.181123529,39.82
10.40941176,23.706,1.756,3.1608,3.4242,55.8408,17.57843946,7.837658824,33.32
9.300392157,22.9941,1.762,2.9954,2.5549,57.7936,18.9795875,9.299184941,32.18
9.41,25.3851,1.794,3.8571,1.8837,57.0492,17.99918529,6.118182353,28.74
9.438627451,23.161,2.0976,2.622,1.4858,57.9462,18.39859311,8.959773176,20.01
10.06058824,24.9606,1.323,3.969,3.1752,54.7722,16.14454673,6.118182353,33.13
10.14882353,25.6082,1.4858,4.2826,2.7968,53.2266,15.58609741,6.118182353,29.54
9.184705882,26.2735,1.2155,3.8335,3.2725,58.9985,17.99918529,6.260717647,32.88
11.09117647,27.4122,1.3095,4.6269,2.9682,51.0705,13.73919379,6.687776471,37.82
9.549215686,23.6016,1.6986,4.6488,2.7714,56.769,18.30711456,7.893637882,43.08
10.29764706,23.8656,1.8984,3.2544,2.8928,58.4888,17.99918529,7.387694118,31.84
9.566470588,24.728,1.672,3.256,2.992,55.528,16.86881656,6.118182353,41.31
9.52,24.66,1.8,3.15,2.7,57.15,17.99918529,6.118182353,44.54
9.411372549,22.1154,1.6182,3.9556,2.4273,59.6936,20.11234245,7.870025471,11.86
10.33823529,23.9766,1.7062,3.6818,3.5022,57.023,18.45480949,7.274988235,34.04
7.99,18.254784,3.183546,3.109938,1.858602,56.383728,17.50163235,6.898547059,23.48
9.1,20.11617,3.42693,3.29058,1.20897,53.37648,16.46349178,7.244935294,34.73
7.83,20.839637,4.129216,3.760536,2.230514,52.195871,14.81020569,6.181670588,21.01
6.8,22.25616,4.1474,4.15672,2.02244,52.27588,13.8719182,4.991623529,16.38
8.6,24.32154,3.64686,3.50976,1.26132,50.1329,14.84037759,5.891105882,27.11
10.65,19.58,2.754415647,3.93,5.414341059,58.72137941,22.8,2.9,30.16
10.75,20.73,3.016922941,3.55,5.195964706,58.62665412,21.1,3.5,31.54
7.36,21.52,3.149106235,4.34,4.352660824,59.03766771,21.6,3.2,43.61
11.39,18.07,2.505346824,3.85,6.105939529,59.51740576,18.6,3.3,33.81
9.54,20.87,2.584331765,3.9,4.562911647,59.42507918,22.6,2.7,40.09
10.86,18.75,2.902323353,3.9,5.551008176,59.16070576,20.4,2.5,29.71
12.01,20.1,2.919766059,3.93,5.180282353,59.31805159,17.5,2.2,46.08
13.39,21,1.871432941,3.99,6.45,53.97,18.42534478,7.690758176,36.92
6.54,21.40234,3.299138,2.644918,4.177662,61.935942,18.29168857,6.858864706,28.76
10.11,22.005072,1.420262,2.831535,3.200084,60.433047,19.7671326,8.354208471,20.97
10.86,26.180418,0.374388,2.103704,4.636048,54.42160353,9.769744,7.804654706,22.39
11.75,23.465675,0.661875,2.038575,3.963546412,54.59525176,8.551425,9.565031176,28.25
13.2,24.6,1.81,3.44,4.95,52.41652947,14.43327543,7.7,30.38
10.95,20.07,1.96,3.59,4.27,58.33685141,17.45403871,6.47,26.27
11.07,22.66,1.86,3.62,4.6,53.83925306,15.00078794,7.69,30.12
13,23.04,1.77,3.65,4.34,54.523097,15.03927902,8.24,29.6
7.81,23.36,2.92,2.15,3.2,60.6,17.17001606,5.264382353,16.54
8.4,23.88,3.14,4.27,3.72,56.92,17.20550627,5.549288235,20.52
8.44,23.82,2.3,4.89,3.24,56.94,16.53157499,6.510864706,29.39
8.95,22.64,6.44,2.622029941,3.22,40.5,19.09411765,3.270317647,19.49
11.07,26.35,3.23,4.72,4.03,51.06,14.43266643,6.425676471,30.47
9.36,25.19,3.17,3.81,3.61,53.6,14.65190214,6.156617647,27.57
14.54,32.58,4.2,11.6,7.4,26.7,19.14480584,8.494132,37.05
8.35,23.36,5.07,3.62,2.12628,53.60597947,16.13945094,3.44,29.3
10.67,19.974188,1.849131,2.536972,3.367741,61.601968,21.99480789,7.987147059,10.34
11.67,21.958838,1.625272,4.027848,3.453703,57.264339,20.43057355,8.020973647,23.67
10.2,25.25176,1.19434,3.85242,2.77482,56.72666,17.73613331,6.618988235,28.71
8.11,19.866618,2.232927,2.701566,4.282074,62.806815,19.12226571,7.094382353,17.95
9.6,22.20224,1.37408,4.07704,3.9776,58.76904,19.22547322,8.465220235,33.4
10,22.689,1.413,3.816,4.392,57.69,19.19016754,8.537067294,33.37
9,22.3587,1.365,3.913,3.822,59.5413,19.00168377,8.465220235,41.12
9,20.9482,1.1557,3.7401,3.9403,61.2157,19.1671851,8.272358824,31.73
11.5,19.3107,2.0355,4.0356,4.64625,58.47195,21.99480789,6.861023529,30.06
11,21.7605,1.335,4.0495,4.9395,56.9155,20.15477172,7.982890824,38.08
10,23.796,0.891,3.915,5.688,55.71,17.73613331,7.934302588,27.09
10.4,20.8768,1.73824,3.75424,5.152,58.07872,21.49183848,8.679984941,33.81
10,20.277,1.485,3.816,5.571,58.851,21.95428422,8.257252941,25.3
10,20.277,1.107,3.825,4.221,60.57,21.95428422,8.210194118,30.41
9,18.7551,1.8291,3.6218,4.9049,61.8891,19.95333934,6.905864706,32.2
9,20.3476,1.2012,3.276,5.096,61.0792,19.56178845,8.572276471,18.02
9.6,19.3456,1.4464,4.18552,5.4692,59.95328,21.15655314,6.781511765,22.03
12,25.3176,1.1968,3.6168,5.5792,52.2896,14.85821255,7.129573176,26.42
12.6,19.228,0.874,3.4086,5.242880294,57.19378106,18.34865929,6.9046,13.91
9.5,19.6385,1.448,3.801,4.919335294,60.55412753,15.93076644,6.516,35.13
10.2,21.4622,1.1674,2.3348,4.591412059,58.19009459,14.15522613,11.9434,22.59
11.5,12.4785,0.9735,3.717,4.883342118,67.33891449,6.876323431,12.8325,24.8
13.3,16.473,1.2138,3.7281,4.651632294,61.48584165,14.94806339,12.2247,25.54
12.1,20.9202,1.2306,1.8459,4.847757941,56.22649571,17.37254261,6.3288,28.38
11.1,28.9814,0.889,3.7338,4.648243176,53.58916235,13.60348908,8.0899,26.77
9.9,23.6963,1.4416,1.802,3.811496471,57.38034941,13.26619406,20.5428,27.6
10.7,18.0386,1.1609,1.6967,5.285662647,60.94087706,15.10573996,12.5913,24.96
10.1,19.1487,1.1687,3.596,5.005075941,60.02916529,15.22570063,18.0699,24.98
12,19.536,1.056,2.816,5.115462647,57.42965282,17.49717596,6.864,27.7
12.4,19.0092,0.9636,3.4164,5.749374412,57.74782147,18.13138667,5.1684,39.99
10.3,21.1692,0.9867,3.588,4.817574353,57.67393618,15.69091625,5.8305,34.11
12.6,19.3154,0.9614,3.496,5.242880294,57.19378106,18.34865929,7.1668,34.63
7.7,25.4748,1.4768,4.5227,3.306570588,54.84016253,11.69883459,7.2917,36.52
10.3,17.4018,4.7541,1.0764,4.972061765,53.49080753,13.53845969,13.2756,22.12
10.8,21.2296,0.9812,3.6572,4.804974529,57.32112671,15.72778229,7.0468,18.29
10.3,21.7074,0.897,3.4983,4.762339059,56.92192406,14.77339042,9.1494,32.37
12.4,21.1116,0.7884,3.8544,4.724873941,56.34824094,17.40525761,6.7452,25.19
11.3,21.3767,1.4192,3.548,4.446034824,56.23903476,14.23024365,18.0948,27.83
11.3,21.9089,1.774,3.9028,4.362445294,56.55705065,14.88689902,13.2163,31.64
8.8,25.1712,0.912,4.2864,3.596289412,55.49976018,13.03475482,5.6544,34.84
14.8,22.7484,0.9372,3.9192,3.734223824,54.43633547,15.61978343,9.372,30.16
9.3,22.2215,1.9954,1.7233,3.926368471,58.94643147,13.43310465,11.0654,37.96
13.6,19.2672,1.2096,3.3696,4.665954176,57.18615753,15.60570229,12.2688,38.36
10.7,19.3781,1.0716,4.0185,5.040887706,59.63968412,16.35509471,10.8946,31.19
10.5,19.4215,0.9845,3.401,5.018246529,59.55546059,15.63578445,12.2615,33.7
12.2,19.8428,0.878,3.8632,5.199539294,57.07558812,16.29629394,10.7116,39.82
11,24.208,0.89,2.047,3.884797412,55.10403929,13.79194935,9.434,31.81
11.7,19.0728,1.5011,1.8543,5.363299412,58.96491206,18.24864157,5.6512,23.4
9.6,18.8936,1.0848,3.9776,4.895976471,60.46975835,15.6918367,10.4864,34.32
11.8,23.7258,2.4696,3.4398,4.065752176,53.69927653,14.31536008,9.4374,30.35
11.5,19.116,1.1505,3.717,5.793250882,58.938405,17.9192298,5.31,31.74
8.6,22.85,1.2796,2.285,4.119287882,58.19342118,12.28026706,5.6668,31.56
9.698823529,20.165,1.295,4.255,3.7,63.085,20.13985646,6.958890882,12.62
10.13647059,20.8992,1.7727,3.9186,4.1985,62.511,20.16673213,6.943708294,28.96
10.24843137,20.7675,1.1999,3.5997,4.9842,61.7487,19.86569361,6.943708294,39.24
9.310784314,21.9936,2.4128,4.4544,4.176,59.7632,20.11234245,7.561778412,18.12
10.71588235,20.4268,2.5648,3.5724,4.3968,60.6392,20.21739146,7.664246412,17.21
10.11,21.2245,2.244,3.4595,4.114,62.458,20.04102001,7.287307824,15.41
10.15411765,24.8746,2.245,2.694,8.531,51.4554,15.09515774,6.609458824,43.47
10,22.7,1.898053176,3.5,5.1,57.7,19.14971248,8.711420235,33.01
10,21.3,1.539623706,4.5,8.2,54.8,18.87001301,8.220290824,39.77
12.27,32.670652,8.264166,2.640673,8.483491,46.7583,15.88609718,4.726082353,46.52
8.32,29.52096,5.45496,2.42952,14.85216,42.66913312,13.75136853,5.155894118,40.96
4.9,41.77743,8.33076,3.29997,5.530253588,35.14292353,16.85172,4.966635294,43.39
4.3,41.78262,6.99567,4.08639,5.530253588,38.21977059,20.16399,4.966635294,42.65
6,32.6744,5.734,3.6096,4.641835,38.05585294,19.646,5.101929412,30.38
5.1,40.25658,7.18393,3.45436,5.530253588,38.21977059,23.37387,5.727658824,32.55
4,40.2816,6.192,2.976,5.248377118,38.21977059,26.8128,6.584529412,40.95
10.9,26.4627,1.4256,3.2967,7.23492,49.83722535,13.48794282,5.142595882,37.15
11.16,27.80692,1.3326,2.93172,8.555292,49.73902429,14.91805361,5.142595882,30.74
12.91,24.12393,1.56762,2.96106,6.636258,49.14811824,13.51505782,8.358892588,25.59
12.98,19.49248,1.7404,3.39378,7.283574,55.21074176,17.65060235,6.461120294,24.12
13.29,22.97815,1.64749,2.94814,7.587125,51.38844459,14.06178602,7.952415941,40.43
10.4,20.3,1.3,3.1,9.8,55,18.33805223,8.685614353,21.2
10.4,18.5,2.9,3,7.2,58,20.15403487,6.378535294,47.54
10.3,15.4284,0.43953,3.8571,5.9202,65.73285376,11.12213188,5.0232,26.47
10.5,15.752,0.43855,3.759,6.7125,65.03549435,12.27437894,4.5645,25.16
10.4,16.128,0.46592,3.9424,6.4512,62.39505024,12.27437894,4.8384,32.77
10.6,15.1086,0.41124,3.9336,5.6322,66.706886,11.12213188,4.3806,22.93
12.3,22.1004,0.63144,2.8064,5.231599176,50.0767,17.63438596,8.270390647,25.79
11.7,23.3995,0.59161,3.47902,5.087171529,43.7968,19.29706202,8.736533765,44.56
11.4,22.0614,2.29474,3.33136,4.945525529,43.5912,20.33245825,7.808416118,39.71
10.34,17.2,3.292037176,4.4,6.64,52.89240906,18.82700571,5.6,28.15
10.36,17.5,3.060662118,4.42,7.72,51.60437165,20.87561547,5.6,33.06
10.49,18.5,3.514632118,4.18,7.45,52.62683635,21.39910286,4.8,22.37
10.6,18.1,2.778685647,4.47,6.8,53.58973188,20.67557345,5.1,24.67
10.28,18.1,3.406736824,4.42,6.84,53.36902894,20.55434113,5,34.78
10.81,20.6,2.821018882,3.36,4.86,57.15673341,18.11050929,5.9,27.61
11.07,20.2,2.669370471,3.64,7.19,54.72389776,17.44874327,3.3,29.2
11.57,21.57692,0.663225,3.669845,4.726445118,57.412618,21.178985,5.376544,36.96
12.96,20.28032,0.73984,4.056064,5.060423941,58.60582876,20.619776,4.804608,31.57
13.51,19.20078,0.882198,4.142871,5.011041588,58.71399159,20.281905,5.639148,19.64
13.29,20.37685,0.919126,3.884608,4.752960706,57.93472288,22.076366,6.581289,35.73
10.7,27.5,2.5,3.8,4.6,50.9,14.43266643,5.807070588,37.05
13,25.3,2,3.3,3.3,53.2,14.28519784,8.752326118,22.52
11.5,28,2.7,3.2,4.1,50.6,14.43266643,5.807070588,36.48
11.6,27.1,2.8,4.1,4.1,50.4,14.43266643,5.807070588,39.3
10.8,30.2,1.9,4.3,4.3,48.7,14.08291635,5.842364706,30.5
9.27,23.53,1.51,3.27,2.27,60.16,18.3639803,6.948847059,24.43
9.32,24.46,5.93,3.37,2.51,54.43,16.27438576,5.062782353,27.21
2.7,23.17,0.21,2.78,3.646963529,54.55861176,18.4,4.48,30.98
9.7,22.04,2.7,1.3,2.2,62.06,19.31441837,8.232294118,25.68
14.03,22.06,2.02,3.97,2.31,55.63,18.00939778,8.327840529,34.46
14.02,25.01,3.05,4.31,1.98,51.64,13.77765331,9.285284765,44
15.13,25.98,1.91,4.06,4.62,48.31,14.67633661,8.614920059,42.49
13.99,26.06,2.36,4.14,4.06,49.4,14.41890331,8.795531353,36.78
10.7,22.88759,1.9646,2.47361,5.397161294,43.4891,18.34507624,4.47393,36.18
11,24.7865,0.9434,3.0438,4.0139,52.32862006,13.48794282,5.174854706,34.06
10.6,24.71016,0.67944,1.90422,3.3972,53.10525941,13.48794282,5.221454706,28.31
9.4,24.76098,0.91506,2.7633,5.436,52.42507506,13.48794282,5.095237059,36.02
8.9,24.6881,1.05676,2.16818,4.03573,55.03863035,13.48794282,5.095237059,29.5
8.9,24.76098,0.98388,2.76944,5.466,53.27928094,13.603563,5.095237059,36.01
7.2,24.74048,0.86304,2.24576,4.89056,54.864178,13.65162564,5.171707647,30.64
8,24.6836,1.2604,2.5852,4.7932,54.31744565,13.46851371,5.095237059,26.22
7.5,24.7715,1.332,2.3495,4.4215,55.23895741,13.21615124,5.171707647,34.66
8.1,24.79462,1.13956,2.86728,4.4112,55.23871476,13.603563,5.095237059,42.02
8.3,24.79568,1.06372,2.90689,4.4933,54.36126771,13.603563,5.095237059,31.91
7.69,21.07,5.94,2.7,6.56,51.829378,19.47876471,3.768552941,34.21
10.5,21.0325,1.60205,3.28465,4.3139,58.77503429,16.49635288,8.679984941,30.38
9,16.198,5.278,1.6653,5.8968,54.41411765,17.73171376,5.040764706,18.5
9.77,19.33,4.69,3.13,5.1,57.98,18.1796802,4.597741176,26.48
10.19,20.51,4.04,2.89,5.08,57.29,19.54304937,6.407435294,19.78
9.36,20.54,5.6,2.78,4.93,56.79,18.17703064,3.565294118,31.32
10.01,20.34,6.01,3.21,5.71,54.72,17.81150639,4.351505882,32.97
9.83,17.51,4.23,3.04,5.47,59.92,18.77367385,6.470188235,35.54
9.91,23.53,4.4,2.97,5.04,54.15,16.16231273,5.876394118,26.42
10.15,20.74,6.19,2.72,4.8,55.4,17.83346718,3.367058824,14.4
10.11,18.96,5.5,2.74,6.01,56.68,17.77703064,4.543858824,32.87
10.24,20.61,5.95,2.95,5.12,55.13,17.81150639,4.237976471,26.68
9.83,20.56,4.7,3.23,4.87,56.81,18.81697093,4.128,21.75
10.43,20.26,5.67,2.92,5.11,55.61,17.81150639,4.543858824,47
9.99,15.22,5.28,2.73,4.65,62.13,16.87471559,5.355505882,38.16
9.56,19.61,5.24,2.74,6.02,56.83,17.77703064,4.327976471,17.35
9.77,17.96,4.95,2.9,5.34,59.08,18.37945732,4.543858824,27.91
9.86,18.92,4.55,3.28,5.67,57.72,18.1796802,4.543858824,29.74
7.6,22.5,2.05,3.1,13.2,50.25020565,13.12297133,5,29.2
6.7,22.25,2.07,3.22,13.7,47.79130094,12.8460851,5.1,45.96
6.3,22.19,2.1,3.15,14.1,46.86219506,12.8460851,5,49.01
13.4,20,13.5,3.5,6.4,52.32077694,19.83443206,3.658823529,31.6
11.22,16.06,6.24,3.21,5.114126353,34.3,28.9,6.3617,36.54
9.33,19.2,6.27,3.74,6.019688529,32,29.5,7.348470588,37.76
8.88,19.34,6.84,3.41,6.397125353,31.2,30.4,6.919017647,26.63
8.67,17.7,7.27,3.93,4.783101647,38.3,24,4.257388235,33.41
11.38823529,19.43688,2.041764,3.646644,6.348754765,51.427488,12.607224,8.123094118,31.33
10.21529412,23.7299,1.606525,4.029775,6.564488765,47.253375,13.130425,8.781741176,36.51
10.90941176,23.242187,1.651865,3.678748,6.902634529,51.60962,9.10758,8.951482353,38.88
10.44352941,23.439676,1.678088,3.427584,6.558063941,50.369418,10.336308,9.547452941,24.79
11.22117647,18.496192,2.173392,3.5776,5.967405529,54.522624,10.670192,7.910647059,31.92
10.36823529,20.761345,1.958955,3.211255,6.809916824,52.587655,10.93079,8.263429412,27.97
9.854705882,25.331988,1.303196,3.338324,5.070361647,47.7541,11.541318,8.345341176,23.71
10.49823529,21.121384,1.563216,3.45884,7.227460235,54.1286,9.56796,7.884870588,39.63
10.45764706,22.608025,1.23855,3.14125,6.672671294,53.230725,9.53145,9.361223529,32.27
9.877647059,21.29792,1.39776,3.50336,6.410740118,51.27808,12.12288,8.063882353,30.9
10.09705882,21.447458,1.401853,3.348375,6.682141176,50.868513,12.304162,7.907482353,33.56
10.84294118,22.3575,1.690227,3.988578,6.183886588,50.867784,10.516968,8.499882353,27.6
10.80941176,23.74416,1.870752,3.723516,6.602929941,51.283788,9.326778,9.273823529,34.56
13.99666667,19.98188406,1.256666667,3.543333333,4.594297471,57.93472288,18.42,7.235291529,41.53
13.53333333,20.10416667,0.946666667,3.936666667,4.699012176,57.93472288,30.32,8.324347059,23.74
14.87666667,21.3442029,1.24,3.786666667,4.264763471,58.53753529,21.83333333,8.304875824,21.56
14.96333333,17.27083333,1.17,3.666666667,5.245827765,58.90833635,24.00666667,7.584067353,41.07
11.95333333,20.91666667,1.33,3.576666667,4.942088706,57.798577,20.62666667,7.268856,28.58
12.63666667,22.16666667,1.236666667,3.973333333,4.238365176,56.42321994,33.84333333,8.445501765,37.72
74.79,14.28666667,2.206827059,0.46,3.091751176,0.18,8.176666667,15.07215882,9.82
88.64666667,3.23,0.677452941,0.66,1.564705882,3.686666667,3.306666667,4.0976,9.13
4,28.3,1.645675765,3.8,2.9,3.7,17.23718658,5.179741176,41.8
8.1,33.7,30.6,5.9,16.9,4.8,17.28636471,2.870588235,58.16
1.9,26.3,1.254066647,2.3,2.6,1,17.64418455,4.825358824,42.19
2.6,28.7,1.645675765,2.7,4.3,3.7,17.49932025,4.827388235,27.39
5.3,30.7,1.620444706,3.4,1.3,2.3,17.22138992,5.834682353,34.54
5.7,17.9,20.2,1.9,6.558823529,12.5,16.44252941,3.757058824,22.32
2.8,22.9,1.206315824,2.8,3.5,6.4,17.86835941,4.531829412,30.67
4.2,26.3,1.356195059,4.1,2.7,4.6,17.82653749,4.825358824,18.25
6.5,24.8,2.2,3.9,6.8,55.8,15.38647801,5.616147059,45.26
8,25.8,4.6,4.2,11.4,46,15.74415317,4.717241176,35.36
6.8,22.9,13.1,4.1,12.9,40.2,18.62376471,2.258823529,45.16
9.1,14.3,8,1.9,4.4,62.3,16.47514696,4.775429412,33.86
9.9,19.7,1,3.4,7.8,58.2,21.87674922,7.065205882,21.89
9.9,22.7,2.7,3.4,7.9,53.4,15.19089918,8.558479059,43.89
8,11.6,2.6,2.5,13,62.7,9.944321518,8.671788235,30.01
3.7,32.9,5.579743059,3,2.1,20.5,15.899372,5.464447059,39.18
9.2,22,14.2,3.5,18.2,32.9,19.74294118,2.258823529,58.6
7.3,18.4,6.9,3.6,4.3,59.5,18.16800005,4.292682353,11.14
9,11.2,16.3,2.3,5.9,55.3,18.1906999,3.647058824,25.66
49,4.9,27.8,1.8,2.5,14,8.428627451,32.06470588,10.94
5.8,8.1,1.9,7.6,3.336265176,42.2,13.05657862,11.47313529,36.84
7.5,9.8,1.8,4.3,17,59.6,10.51991541,11.15004118,33.76
9.2,6.2,1.5,5.1,2.9,75.1,2.334731176,13.47251765,19.31
5,11.1,2.1,10.6,4.932688941,41.3,16.27999511,8.673405882,39.73
8.4,14.3,4.8,3.1,8.1,61.3,16.1565339,6.176029412,17.83
8,16.6,3.237459588,3.2,1.5,37.1,18.99550576,6.9123,20.14
15.1,16.2,18.5,3.7,1.2,45.3,19.21176471,3.735294118,33.76
1.9,3.6,3.251744118,0.5,17.8,10.5,7.863402003,12.35657059,33.45
4.3,18.4,2.013991529,3.8,16.2,45.1,18.20383801,5.504741176,39.78
4.8,34.5576,7.756574588,8.6632,5.733746765,28.83226176,13.4232,10.7,51.81
8.5,2.4,20.5,3.79073502,8,47.1,15.01732473,7.473494118,29.98
5.9,15.7,5.4,2.5,6.6,64,17.60745218,5.710352941,47.11
83,2.4,0.3,1.8,1.7,10.8,4.421035294,6.953694118,3.1
84.9,3.5,0.3,2,1.5,6.9,4.578801961,6.212382353,21.43
84.9,3.4,0.2,4.1,2.4,5,5.019313725,5.469352941,15.71
84.9,5,0.2,5.1,1.3,3.5,4.35754902,5.023882353,21.29
84.9,4,0.2,4.7,2.6,3.7,4.479723529,5.469352941,11.38
86.4,1.8,0.3,1.1,1.7,8.7,2.807331373,6.491558824,18.64
81.5,3.2,1.3,3.3,2.4,8.3,5.938831373,6.502747059,25.6
85.6,3.8,0.8,2.3,2,5.5,3.870605882,5.105911765,11.25
85,3.5,0.5,2.2,2,6.7,4.643115686,6.212382353,8.58
84.8,3.4,0.4,2.6,1.7,7.1,4.685647059,6.212382353,18.17
79.4,3.2,0.2,3.5,3.3,10.4,5.122223529,9.063982353,17.68
88.4,3.2,0.4,1.7,1.1,5.2,2.841645098,4.795841176,10.82
87.7,2.3,0.5,3.2,1.6,4.7,3.287527451,4.624017647,15.36
89.9,2.2,0.5,3,1.5,2.9,3.680156863,2.750452941,21.81
89.2,2.8,0.4,1.6,1.1,4.9,2.829254902,4.7229,7.71
87.4,3.7,0.3,3.1,1.4,4.1,3.313605882,4.296958824,34.49
82.4,4.9,0.3,3.2,3,6.2,6.23712549,6.297647059,11.81
79,5.1,0.3,7.1,3,5.5,5.848243137,10.21157059,26.91
85,4.6,0.9,3.2,2.5,3.8,4.798547059,5.469352941,22.99
89.1,2.5,0.4,1.8,1.6,4.6,2.863586275,4.519017647,3.26
85,4.4,0.3,4.4,1.6,4.3,4.084821569,5.115823529,4.72
82.8,3,0.3,3.2,3.4,7.3,5.699647059,6.297647059,22.96
81.8,4.8,0.4,5.4,2.4,5.2,6.23712549,6.358629412,22.56
56.6,8.8,1.4,3.9,7.4,21.9,6.593392157,30.75819588,32.24
92.2,1.3,0.3,1.6,1.2,3.4,2.163323529,2.626394118,14.05
75.4,6.4,0.2,4.9,3.9,9.2,5.249713725,12.04141176,23.44
93.1,0.6,0.1,1.1,2.1,3,1.794301961,2.552052941,9.46
93.2,0.5,0.1,1,0.1,5.1,1.451992157,3.405705882,6.78
47,3.3,0.4,0.8,0.7,47.8,9.225978,42.07823529,17.38
70.9,2.3,0.2,1.5,0.7,24.4,4.672164706,20.00543118,7.28
91.3,1.3,0.1,5.6,0.8,0.9,3.627215686,2.835570588,14.38
82.8,4.6,0.7,1.9,1.8,8.2,5.175137255,6.297647059,8.35
84,1.4,0.4,2,1.9,10.3,4.411,6.507405882,13.56
93.2,2.2,0.1,2.5,1,2,2.03427451,2.614817647,15.68
87.1,2,0.4,1.6,1.2,7.7,3.093527451,5.603429412,5.96
73.3,1.1,0.8,4.6,1.2,19,4.577929412,16.07934118,0.62
93.1,1.6,0.2,0.2,0.7,4.2,1.667262745,2.604876471,5.25
91,3.4,0.1,1.4,0.6,3.5,2.299823529,2.636335294,18.93
82.8,4.9,0.6,2.7,1.7,7.3,5.709960784,6.297647059,18.44
82.5,5.3,0.4,3.7,2.8,5.3,6.21412549,6.297647059,12.08
72.1,4.8,0.7,3,6.5,12.9,5.165105882,15.41357059,14.3
70.5,4.6,0.5,3.5,7.3,13.6,5.165105882,18.47882941,27.78
80.2,5.4,0.7,4.9,2.1,6.7,6.430792157,8.733335294,12.69
88.4,0.7,0.2,1.3,1.6,7.8,2.621488235,5.777194118,8.08
93.9,0.3,0.2,0.8,0.7,4.1,1.668341176,2.843817647,2.02
94.7,0.6,0.1,0.6,0.4,3.6,1.67794902,2.670641176,13.61
93.6,0.7,0.3,1.3,0.9,3.2,1.792537255,2.552052941,27.06
94.2,0.2,0.02,0.7,0.8,4.1,1.668341176,3.191405882,10.31
91.1,0.8,0.2,1.5,1.1,5.3,2.053984314,3.682517647,16.42
73.9,1.2,0.2,0.7,9.8,14.2,4.8094,13.70533529,22.05
89.6,0.8,0.1,1.2,2.2,6.1,2.251786275,4.626194118,3.01
84.9,2.2,0.5,2.1,2.8,7.5,4.599880392,6.517088235,17.07
93.5,0.3,0.1,0.4,0.2,5.5,1.433227451,3.405705882,4.18
76.1,5,0.7,1.2,3.5,13.5,4.124635294,11.71722353,4.59
90.8,2.1,0.1,0.8,1.2,5,2.283235294,3.522752941,10.6
80.1,4.1,3.5,1.6,2.6,8.1,6.016713725,9.512747059,10.83
79.6,2.1,0.2,1.1,1.6,15.4,3.991517647,9.321047059,5.49
65.2,3.1,0.1,1.1,0.9,29.6,5.001576471,22.76243118,10.51
88.5,4.3,0.8,2.2,1.6,2.6,3.338527451,3.805511765,10.32
91.9,1.8,0.8,2,1.4,2.1,3.090039216,2.551335294,5.98
86.4,5.2,0.7,2.3,1.8,3.6,4.145801961,4.607870588,10.99
86.2,3.8,0.7,1.7,1.3,6.3,3.274272549,4.501841176,0.26
88.7,2,0.7,2.3,1.6,4.7,2.935547059,4.792311765,10.33
88.1,3.1,0.5,2,1.3,5,2.822919608,4.701664706,18.08
88.39,2.153333333,0.756769235,1.782035943,1.723529412,3.846666667,3.576666667,4.006017647,18.09
92.25,0.686666667,0.236493882,1.496666667,1.094117647,4.016666667,1.396666667,2.604876471,10.04
90.97,1.486666667,0.506764706,1.446666667,1.382352941,3.646666667,2.23,2.682629412,7.29
89.20333333,1.573333333,0.732176471,2.39,1.576470588,1.876666667,4.646666667,3.628335294,4.89
91.08333333,0.53,0.483598824,1.54,1.3,2.116666667,4.446666667,2.664394118,17.33
89.23,2.416666667,0.845411765,1.636666667,1.576470588,1.263333333,5.266666667,3.713394118,15.18
92.93,0.476666667,0.326039,0.826666667,1.041176471,1.3,4.213333333,2.344276471,8.22
89.64333333,0.426666667,0.691669647,1.793333333,1.552941176,2.326666667,5.68,3.158923529,16.33
90.99,2.656666667,0.640258824,1.64,1.547058824,2.4,1.356666667,2.689276471,4.03
90.26333333,1.58,0.775493176,1.3,1.564705882,0.84,5.71,2.920629412,6.86
89.16,0.66,0.604610412,1.516666667,1.811764706,3.373333333,5.173333333,3.612511765,8.27
87.18,0.856666667,0.492798647,3.02,2.147058824,5.82,2.626666667,4.618135294,1.45
88.87333333,0.31,0.681081,2.246666667,1.629411765,2.476666667,5.696666667,3.628335294,15.82
90.49666667,1.036666667,0.728434353,1.836666667,1.505882353,1.083333333,5.173333333,2.8291,7.71
92.64,1.138333333,0.438470118,1.566666667,1.094117647,2.07,2.21,2.551335294,12.95
87.67,4.846666667,0.645688235,2.33,1.567647059,0.33,4.42,5.065052941,20.8
89.77,3.22,0.643894118,1.32,1.547058824,3.613333333,1.373333333,3.148688235,6.9
86.99333333,0.526666667,0.367341176,0.836666667,1.738423529,8.926666667,2.453333333,6.838088235,10.73
91.55,1.583333333,0.605823059,1.19,1.358823529,0.383333333,4.47,2.5331,6.76
89.43,1.376666667,0.816669647,0.936666667,1.582352941,1.323333333,6.5,3.939452941,2.39
87.59666667,0.186666667,0.438842059,1.796666667,1.997058824,6.023333333,3.546666667,4.590488235,17.42
82.63666667,3.926666667,0.385294118,0.97,2.220588235,3.883333333,8.173333333,6.321764706,17.83
92.63666667,0.976666667,0.332340471,1.573333333,1.129411765,2.25,2.213333333,2.551335294,11.96
90.55333333,1.846666667,0.769610824,1.13,1.470588235,1.06,5.05,2.8291,5.85
77.94333333,2.063333333,1.356532059,3.046666667,3.835889765,6.77,9.52,11.36333529,21.17
83.37,1.936666667,0.302941176,1.706666667,2.544117647,1.36,10.76333333,6.895294118,14.03
90.44,1.146666667,0.616,1.456666667,1.435294118,3.456666667,3.366666667,2.482217647,0.9
80.58,4.1,1.350688235,1.086666667,3.5288,9.42,4.29,8.941688235,11.34
7.306666667,6.626666667,3.960388235,10.14333333,4.835068353,68.49333333,6.89,13.69655294,31.89
59.35,0.276666667,4.436070588,1.376666667,5.444935294,12.67333333,25.47666667,32.66411765,20.45
91.87666667,0.166666667,0.345981176,0.66,1.194117647,2.856666667,4.05,2.344276471,10.09
14.38333333,0.56,3.083228353,6.433333333,2.797548706,44.31333333,30.93,26.74761765,14.22
77.75,1.56,1.210843824,1,2.836019176,16.17640735,2.45,17.9,26.23
77.45,1.61,1.247314412,0.97,2.818372118,16.49993676,2.34,16.83,9.11
86.4,2.7,0.3,0.7,0.9,9,2.972860784,6.583911765,1.36
87.4,0.7,0.2,0.8,1.7,9.1,2.741331373,7.073970588,16.61
81.3,2.2,0.9,1.1,4.2,10.3,4.943282353,7.210323529,14.88
76.6,2.5,2,1.7,2.8,14.4,4.293517647,12.21916471,1.2
85,0.5,0.4,0.9,1.2,12,3.271094118,6.988982353,10.62
77.2,1.7,1.5,1.2,3.9,14.5,4.024105882,11.07210588,22.46
82.3,0.5,0.8,0.8,5.2,10.4,4.611082353,6.7384,13.95
81.6,0.7,1.2,0.7,1.8,14,3.971588235,7.347876471,6.01
79.7,0.5,1.1,0.7,1.6,16.4,3.991517647,8.6034,14.37
78.7,0.8,0.4,0.4,1.3,18.4,4.674164706,11.02098824,9.4
76.2,0.6,0.6,0.5,0.5,21.6,4.858223529,14.5874,9.85
81.3,0.6,0.2,0.7,0.7,16.5,4.591047059,8.895517647,17.64
88.1,2.3,0.2,1.3,1.5,6.6,2.910762745,4.805841176,9.53
85.6,1.7,0.3,1.3,0.7,10.4,3.298801961,6.725582353,10.16
88.4,0.7,0.1,0.4,0.2,10.2,2.375684314,7.091735294,7.58
75.4,0.8,0.3,1.1,3.5,18.9,4.622635294,15.18445882,13.23
73.4,1.4,0.7,0.9,6,17.6,4.301458824,16.14365294,7.37
64.7,0.9,0.4,3.6,3.2,27.2,4.957458824,22.42025471,15.45
85.7,1.1,0.8,1.1,2,9.3,3.402978431,6.648617647,1.3
83.8,1.1,0.3,0.6,0.7,13.5,3.909564706,7.387735882,4.95
64.6,1.6,0.5,1.5,2.9,28.9,4.957458824,23.53243118,14.98
83.9,0.8,0.3,0.4,0.7,13.9,3.108152941,8.012588824,5.21
74.4,4,0.5,1.7,4.7,14.7,4.029929412,12.55504706,19.65
84,1.4,0.3,1.6,1,11.7,4.316623529,6.791335294,9.34
90.6,1.3,0.2,1,2.1,4.8,2.179572549,3.830517647,7.23
94.2,0.4,0.04,1.1,1.2,3.1,1.792654902,2.552052941,11.69
91.7,1.8,1,0.8,2.1,2.6,2.674960784,2.636335294,6.2
90.3,1.8,1.3,0.8,1.9,3.9,2.824215686,3.077041176,10.33
87.6,2.4,0.3,1.2,1.7,16.8,2.561111765,8.388247647,5.81
88.2,2.8,1.6,1.2,2.9,3.3,3.776860784,4.347276471,2.85
91,1.1,0.7,0.9,1.1,5.2,2.053984314,3.682517647,9.08
92.2,1.5,0.3,0.8,1.1,4.1,1.940943137,2.626394118,19.84
87.8,1.2,0.1,0.9,0.7,9.3,2.51544902,6.670076471,14.2
89.4,2,0.1,1.6,1.8,5.1,2.828803922,4.346076471,13.78
68.9,3.3,0.4,1.3,1,25.1,4.672164706,21.59660765,16.74
68.2,1.3,0.2,1.5,1.1,27.7,4.672164706,20.63260765,7.68
78,0.9,0.1,1,3.5,16.5,4.037988235,10.63863529,4.66
69,1.1,0.4,1.3,6.2,22,4.599164706,21.77884294,7.66
56.5,1.7,0.6,2,12.1,27.1,6.634568627,28.31772529,24.96
76.7,0.8,0.2,0.7,1.7,19.9,4.473811765,14.5874,6.69
62,1.8,0.2,1.2,4.2,30.6,5.306870588,24.98184294,7.43
71.3,0.6,0.2,1,0.6,26.3,4.672164706,19.57837235,3.68
68.5,1.6,0.1,1.3,0.7,27.8,4.672164706,20.63260765,0.37
65.3,1.4,0.3,1.3,4.3,27.4,4.957458824,22.42025471,2.69
93.7,0.4,0.1,1.1,0.9,3.8,1.824419608,2.670641176,8.6
81.1,0.9,0.1,0.4,1.9,15.6,4.591047059,8.380164706,10.77
81.7,1.2,0.7,0.7,2.6,13.1,3.982329412,7.406635294,13.55
79.4,0.6,0.2,0.5,3.9,15.4,3.991517647,9.321047059,19.64
85.9,0.4,0.4,0.3,0.3,12.7,2.354111765,8.429894118,7.91
87.4,0.6,0.1,0.4,0.4,11.1,2.397860784,7.203729412,3.52
71.8,0.9,1,0.6,5.236965647,5,5.781596078,19.62098235,12.29
69.9,1.7,2,2.2,5.9,18.3,4.616988235,20.82905882,8.99
80.4,0.7,0.1,0.5,0.9,17.4,4.603341176,8.077476471,8.28
73.7,1,4.2,1.1,5.4,14.6,4.8094,14.33474706,9.6
72.1,1.1,0.8,1,6.2,18.9,4.561282353,17.20288824,14.45
78.8,2.7,0.1,1.8,1.4,15.2,3.775047059,9.834576471,4.46
14.3,5.1,0.5,4,4.201865529,55.8,10.761159,24.71082047,19.46
74.6,1.4,0.6,1.6,2.5,19.3,4.622635294,15.57228235,6.57
69.2,2.1,0.3,2.4,1.7,24.3,4.672164706,21.59660765,16.16
85.2,0.7,0.9,0.7,3,9.5,3.699154902,6.740294118,9.78
75.2,1.6,1.1,1.3,9.7,11.1,4.4544,13.46457059,17.08
81.2,0.9,0.5,1.5,4.1,11.7,4.7174,7.539147059,21.14
87,1.1,0.4,1.3,4.5,5.7,3.129547059,4.356958824,17.88
82.7,1.4,0.5,1.1,4.3,10,4.481294118,6.670941176,9.32
77.9,1.3,1,2,8.9,8.9,5.829929412,12.55227647,24.82
67.2,3.7,7.2,1.7,8,12.2,7.195556863,21.30135294,28.67
81.8,1.5,2.2,0.9,1.6,12,4.275317647,7.394205882,2.7
85.9,0.8,0.3,0.7,3,9.3,3.366566667,6.710794118,7.47
68.6,0.9,0.4,1,1.4,27.7,4.672164706,21.05066647,12.54
85.8,0.6,0.2,0.8,1.5,11.1,3.000896078,7.151170588,0.29
84.8,0.9,0.1,0.6,1.4,12.2,3.310917647,6.988982353,7.97
63.2,6.3,7.5,0.9,1.5,20.6,6.475745098,23.40366647,12.45
64.8,2.8,0.8,1.9,1.2,28.5,4.957458824,22.42025471,11.12
77.4,1.9,1.5,1.3,0.9,17,4.077282353,11.54451765,14.21
72.7,3,0.3,1.2,5.2,17.6,4.577929412,16.83894706,29.42
85.1,0.5,0.4,0.9,6.6,6.5,4.745233333,6.483558824,11.98
78.8,1.1,0.6,1,2.8,15.7,3.991517647,9.834576471,22.95
76.3,1.1,0.1,1.1,0.7,20.7,4.858223529,14.5874,12.25
76,0.6,0.1,1.1,1.3,20.9,4.858223529,14.62228235,12.11
56.4,3.8,0.5,3.2,2.1,34.4,5.917705882,29.61772529,13.9
51.3,2.7,0.1,1.3,2.7,41.9,7.751262235,37.77588235,6.15
83.4,0.7,0.3,0.5,3.6,11.5,4.159211765,6.906870588,16.09
66.2,1.4,0.7,1.3,3.9,26.5,4.957458824,21.47907824,6.49
69.6,1.3,1,0.8,11.2,16.1,5.956792157,20.39531176,13.48
64.4,1.4,0.1,1.4,4.7,28,5.306870588,23.53243118,6.93
70.8,1.9,0.6,1.6,1.1,24,4.672164706,20.03549,23.52
73.4,2.4,0.4,0.9,2.1,20.8,4.561282353,16.40411765,16.33
74.3,0.9,0.6,0.7,2,21.5,5.024047059,16.40411765,2.47
58.2,2.7,3.5,1.1,1.9,32,6.721039216,27.06596059,12.68
75.4,2.6,1.7,1.4,1.9,17,4.189047059,13.86557059,17.91
71,2.1,1.9,1.3,2.1,21.6,4.599164706,19.98964706,3.38
69.7,0.8,0.6,1.3,1.9,25.7,4.672164706,21.59660765,25
70.2,1.9,0.3,1.7,3,22.9,4.599164706,21.02707824,23.35
66.4,1.2,0.6,1.6,3.9,26.3,4.957458824,21.47907824,9.15
70.2,4.3,4.4,2.3,1.5,17.3,4.616988235,18.73825294,16.44
77.9,2.3,0.9,1.4,3.6,13.9,4.094105882,10.85810588,11.54
74.7,2.1,0.1,1,2,20,4.622635294,15.57228235,1.51
69.6,2.4,0.6,2.1,1.8,23.5,4.672164706,21.59660765,9.89
70,3.3,0.2,2,1.9,22.6,4.599164706,21.02707824,16.98
74.1,4.5,0.5,2.3,1.8,21.3,4.568341176,15.57228235,10.7
66.8,2.9,3.4,3.5,3.8,19.6,6.031968627,23.39996059,14.81
13.2,3.2,0.7,5.5,5.2,72.2,3.489107647,23.80644118,19.29
72,1.1,0.3,1.4,2.8,22.4,4.583164706,19.22531353,3.67
96.1,0.4,0.1,0.2,0.6,2.6,1.657321569,2.552052941,15.07
90.4,0.4,0.2,0.9,0.7,7.4,1.874258824,5.168194118,2.39
92,0.5,0.1,1,0.9,5.5,1.529927451,3.811341176,5.7
81.5,0.9,0.1,1.7,2,13.8,3.971588235,6.953282353,3.81
83.7,1.9,1.3,1.7,5.1,6.3,5.158547059,6.218235294,10.66
74.3,4.3,0.5,2,3.3,15.6,3.975517647,14.16657059,21.48
87.4,1.3,0.5,0.8,3.3,6.7,3.108409804,4.830488235,15.16
65.1,2.7,2.9,1.2,6.8,21.3,6.318439216,23.20778412,11.07
36.1,3.2,0.7,3.9,9.8,46.3,10.184467,48.34176471,18.87
80.1,1.1,0.1,0.8,2.417647059,15.289875,5.64945098,5.1,1.57
54.5,1.6,0.1,1,4.050558824,28.84737255,8.920578392,30.6,18.19
44.1,2,0.2,1.2,4.829323529,35.68943867,10.71107604,44.2,11.37
9.2,2.7,0.2,1.9,5.112754588,73.86497794,4.202519412,44.3,26.27
83.7,1,0.1,0.7,2.446764706,12.22411765,5.022627451,5.1,8.44
76.5,0.9,0.1,0.5,3.107089765,17.58804853,4.469960784,18.8,10.99
35.9,2.1,0.1,1.1,4.811201176,45.49345688,9.162738588,49,7.74
18,2.2,0.2,1.5,3.705013176,72.13035539,5.161833137,55.1,17.68
84.2,1.1,0.1,0.7,2.206070588,12.24176471,4.726607843,6.4,17.81
66.5,1.1,0.1,0.8,3.352941176,26.21176471,6.246921569,23.4,17
37.9,1.9,0.1,1.2,5.134823529,39.87997718,11.08799251,46.2,2.54
25.1,3,0.1,1.4,3.636913412,67.43094363,6.146280196,53.9,11.3
83.7,0.8,0.1,0.7,2.435188235,12.48690588,4.750901961,7,21.06
58.9,1.1,0.1,0.9,4.232911765,28.01292549,7.80029898,31.9,12.53
41.3,1.1,0.1,1,5.169382353,35.68943867,10.71107604,46.1,3.47
22.3,2.1,0.1,1.4,3.326325176,66.50375539,6.275950784,57,8.82
85.1,0.7,0.1,0.6,2.017835294,11.02941176,4.244527451,5.3,8.57
64.1,1,0.1,1,3.052941176,26.52941176,6.106333333,24.9,19.91
44.7,1.4,0.1,1.1,4.829323529,34.14104902,10.71107604,48.1,10.82
25.5,2,0.2,1.6,3.636913412,67.43094363,6.146280196,49.9,17.3
84.6,0.9,0.1,0.7,2.070776471,11.84731618,4.173919608,3.4,21.21
74,0.9,0,0.6,3.561897059,19.97692353,4.880019608,23,8.23
45.8,1.5,0.1,1,4.829323529,32.13310784,10.71107604,43.6,18.35
83.2,1.1,0.1,0.8,2.082058824,12.35679265,4.750901961,7.7,6.11
62.6,0.4,0.1,0.9,3.717647059,26.91019608,6.804568627,31.1,5.41
39.7,1.8,0.2,1.1,5.139882353,39.87997718,10.71107604,40.8,8.34
29.5,2.3,0.1,1.5,3.748448706,52.86227767,8.360383098,57.2,15.51
81.7,1.3,0.1,0.8,2.540882353,13.31647059,4.919215686,7.6,2.52
62.2,1.1,0.1,0.7,3.7035,26.78939608,6.871627451,29.7,26.89
45.2,1.6,0.2,1,4.829323529,34.14104902,10.71107604,43.9,19.06
21.3,2.4,0.2,1.3,3.326325176,71.15741422,5.683009608,57.7,15.23
82.7,0.9,0.1,0.8,2.046764706,12.54588235,5.252862745,5.6,23.03
72.1,1,0,1,3.290261765,20.52398235,4.897666667,27.1,16.51
37.6,1.5,0.2,1.3,5.134823529,39.87997718,11.08799251,50.1,20.7
85.5,0.8,0.1,0.6,1.826658824,11.27058824,3.219507843,7,13.92
57,1.3,0.1,1,4.050558824,27.75410196,8.218887216,31.8,13.02
48.9,1.2,0.1,0.8,4.622323529,29.82972549,10.71107604,44.8,14.41
4.3,18.4,12.2,3.8,16.2,27.05497882,11.79335294,2.682941176,44.54
10.4,3.2,0.3,4.5,5.4,71.99517402,5.009342941,21.61181176,21.11
83.56,0.88,0.282352941,0.65,2.446952941,11.57411765,10.29,5.08,28.26
83.59,1.07,0.282352941,0.62,2.441070588,11.86470588,7.38,7.36,3.01
82.3,0.95,0.505529412,0.66,2.170294118,13.23823529,7.92,8.19,13.22
78.39,0.86,1.066897941,0.75,2.936019176,15.68835882,8.45,11.58,6.03
73.78,1.06,1.189671176,0.78,3.606811176,18.44751176,6.87,17.51,4.07
64.58,1.37,2.518676471,1.08,3.441176471,24.703,7.8,25.16,0.17
66.68,1.14,2.362794118,1.01,3.764705882,23.96770588,8.86,22.32,7.43
55.78,1.34,2.835082353,1.18,3.827029412,28.55567059,8.62,33.07,16.95
39.43,1.82,2.716805882,1.5,5.039970588,38.57740394,11.82,45.44,18.46
82.34,1.03,0.482,0.53,2.170294118,13.14411765,9.5,6.6,26.71
85.55,0.9,0.276470588,0.39,1.791364706,10.96470588,5.74,7.41,6.27
83.12,0.88,0.417664706,0.48,2.058529412,12.61304559,6.08,9.45,12.95
76.47,0.99,1.239785,0.48,3.271183882,16.84123088,5.14,16.92,6.25
71.3,1.07,0.901432353,0.59,3.19327,20.99457059,5.79,21.25,4.8
69.73,0.89,0.641176471,0.57,2.905882353,22.27058824,8.61,20.2,7.79
51.73,1.23,2.416305882,0.82,4.252094118,28.40761765,8.28,37.93,3.98
55.21,1.05,2.416258824,0.78,3.827029412,28.03717647,7.13,35.82,18.66
45.05,1.25,2.668570588,0.97,4.805794118,33.77130141,8.87,43.87,13.46
85.43,0.724039706,0.55,1,0.55,11.48806029,2.991231373,8.76,4.82
81.5,1.2,0.561105882,0.6,1.1,14.1,4.193105882,6.975164706,18.86
13.2,2.6908,3.7,4.34,7.2044,68.9192,4.739540196,24.29324118,19.18
80.2,2,0.8,1.4058,6,9.6,5.551047059,9.222158824,9.29
26.9,2.9971,1.1696,2.4854,4.3129,62.135,9.703434529,47.39838235,9.71
72.6,0.4932,0.3014,0.6028,2.3,23.7,4.583164706,18.59354882,11.95
73,0.702,0.189,1.296,1.404,23.409,4.583164706,18.08298235,16.51
85.2,0.6068,1.406,1.4948,0.5032,10.804,3.351507843,6.938170588,0.85
70.2,4.4998,2.5032,1.49,5.3044,16.0026,6.103733333,19.63825294,16.79
47.2,6.336,0.5808,3.3264,4.763858824,18.5856,7.138098039,42.07823529,18.53
80.8,0.81,0.69,1.1,1.1,15.5,4.614988235,8.211576471,6.34
72.9,0.813,0.4065,0.4878,1.4905,23.9022,4.583164706,18.08298235,10.66
78.2,2.507,1.308,0.8066,3.9022,13.298,4.194105882,10.23851765,17.81
77.9,1.1934,6.8952,0.9061,3.8896,9.3041,5.783752941,11.14404118,4.83
41.9,9.877,13.3049,2.6145,4.7061,27.5975,8.433096098,38.69235294,20.66
73.5,1.5105,0.689,0.901,2.703,20.6965,4.568341176,16.40411765,10.84
82.8,1.3,0.894,1.89,0.395,13.55,3.883741176,7.691811765,12.3
87.47,0.93975,0.888377,1.150254,2.15,5.196191,3.231958824,4.624017647,0.95
92.86,0.375564,0.152796,0.358428,1.035294118,4.094076,1.619870588,2.858117647,5.38
94.42,0.433008,0.042408,0.236034,0.958823529,2.44404,1.773537255,2.552052941,0.35
92.72,0.525616,0.111384,0.307216,1.017647059,2.058056,2.100288235,2.614817647,11.08
91,0.4581,0.1845,0.4302,1.205882353,6.4935,1.880023529,4.733635294,14.73
89.23,1.26009,0.208938,0.277866,1.741176471,6.442614,2.476017647,5.043252941,26.21
95.75,0.646425,1.199775,0.175525,0.958823529,1.05825,1.903733333,2.552052941,7.74
95.4,0.1,0.1,0.2,0.958823529,3.03692,1.834027451,2.670641176,12.02
10.4,3.2,1.812393059,4.5,5.4,76.2,2.334731176,18.76382941,2.1
6.7,2.43,0.1866,4.9449,5.3181,73.41752696,3.595225294,21.6456,9.79
76.93,1.51,1.834065,0.768231,3.179046,17.69212206,4.665870588,12.81304118,22.48
73,1.7766,2.1816,0.891,3.6801,19.22986471,4.684341176,17.18372529,24.39
72.8,1.8088,2.244,0.8704,3.68016,19.22986471,4.684341176,17.18372529,2.2
73.18,1.780848,2.17242,0.893106,3.59388,19.22986471,4.684341176,17.18372529,11.82
76.4,1.6166,1.88328,0.76228,3.64148,17.82153382,4.903341176,12.81304118,29.96
73.2,1.77684,2.13864,0.871,4.1272,18.71757059,4.684341176,17.18372529,11.48
72.55,1.83366,2.2509,0.90585,4.2822,18.96462941,4.684341176,17.18372529,12.36
72.55,1.8117,0.85095,0.919575,4.25475,19.58280588,4.684341176,17.94333118,15.86
41.29,2.38,1.08,2.28,7.72,39.34992353,9.821757333,42.60235294,18.37
58.9,2.5071,5.0964,1.8906,5.9595,25.6464,6.897509804,27.06596059,26.71
67.5,2.86,4.9075,1.105,1.3,22.3275,4.672164706,22.36719588,5.89
34.32,2.76,1.840288235,1.78,4.0035,35.06,11.14,45.97117647,17.75
82.42,1.2,0.417647059,0.58,2.647247059,10.02,3.4,6.691688235,9.61
83.16,1.15,0.375294118,0.61,2.076176471,12.51,2.4,7.288582941,12.56
96,0.476,0.235210765,0.16,0.958823529,3.296685147,1.56,1.968,6.75
78.9,1.3504,2.8485,0.422,3.189572118,14.75870588,5.8658,10.4867,18.04
87.9,1.0648,1.5367,0.6413,1.794117647,9.143918098,1.7303,5.929,10.32
83.2,0.5,0.3,0.2,1.332058824,13.9,3.883741176,7.80503,8.83
87.3,0.5,0.1,0.3,1.256070588,10.6,2.601566667,7.203729412,5.03
85.9,0.3,0.2,0.2,1.320776471,11.7,2.988935294,7.469082353,5.55
84.4,0.2,0.6,0.2,1.344011765,13.9,3.304623529,8.656706471,21.72
83.8,0.1,0.2,0.3,1.914894118,10.7,4.150329412,6.507405882,13.24
86.8,0.3,0.2,0.3,1.256070588,10.4,2.601566667,6.985141176,2.64
86.5,0.5,0.2,0.1,1.3796,11.5,2.19324902,7.065876471,11.72
86.3,0.6,0.2,0.1,1.320776471,11.8,2.22324902,7.592905882,5.48
86.7,0.3,0.1,0.1,1.320776471,11.9,2.165778431,7.513317647,10.59
86.9,0.7,0.4,0.3,1.420776471,9.6,2.601566667,7.081441176,1.28
86,0.2,0.5,0.3,1.320776471,12,2.193758824,7.517847059,10.15
86.3,0.2,0.1,0.2,1.320776471,12.5,2.260582353,8.184876471,8.21
85,0.2,1.4,0.3,1.508717647,12.6,3.338270588,7.187247059,11.81
87.6,0.3,0.5,0.2,1.244305882,10.2,2.468272549,7.300029412,6.5
87.3,0.3,0.1,0.3,1.256070588,11.2,2.372507843,6.985141176,18.72
84,0.1,0.6,0.4,1.326176471,14.3,3.304623529,8.701294706,10.3
85.8,0.2,0.2,0.1,1.391364706,11.1,2.984954902,7.151170588,7.81
85,0.4,0.1,0.2,1.249894118,13.5,3.338270588,8.391947647,1.02
84.7,0.2,0.2,0.2,1.9796,10,4.149196078,6.651111765,3.34
86.3,0.3,0.1,0.2,1.320776471,11.6,2.22324902,7.263288235,0.41
83.6,0.3,0.1,0.2,1.479117647,14.5,3.5258,9.094088824,4.59
87.4,0.2,0.1,0.1,1.367835294,9.6,2.601566667,7.300029412,19.92
86.1,0.3,0.1,0.5,1.320776471,12,2.193758824,7.517847059,22.54
88.7,0.3,0.1,0.2,1.770588235,8.7,2.400213725,6.057135294,3.02
87.5,0.2,0.2,0.2,1.973529412,8.2,2.595684314,6.674852941,18.64
84,0.6,0.2,0.4,2.203129412,9.9,4.342431373,6.854117647,15.53
86.7,0.4,0.1,0.3,1.220776471,11,2.372507843,7.061523529,4.68
85.9,0.2,0.2,0.2,1.391364706,11,3.043190196,7.090052941,10.48
86.3,0.2,0.2,0.2,1.3796,11.4,2.135013725,7.263288235,22.31
85.4,0.1,0.2,0.2,1.4796,10.6,3.210660784,6.837641176,0.45
79.8,0.3,0.2,0.4,1.845826235,17.5,4.729223529,9.129223529,22.79
80,1.3,0.1,0.4,2,16.5,4.750635294,8.6034,0.87
86.1,0.4,0.2,0.4,1.3796,10.9,3.043190196,7.009170588,13.23
86.6,0.2,0.2,0.4,1.273717647,10.5,2.397860784,6.985141176,5.07
85.7,0.6,0.2,0.3,1.450188235,11,3.217366667,7.151170588,3.79
86,0.3,0.1,0.6,1.391364706,11.3,2.984954902,7.151170588,12.7
85.3,0.2,0.3,0.3,1.344011765,12.7,3.338270588,7.726776471,6.46
84.2,0.1,0.5,0.3,1.538129412,13.6,3.323741176,8.38553,12.87
85.9,0.3,0.2,0.3,1.391364706,11.4,2.984954902,7.151170588,2.43
85.9,0.3,0.2,0.3,1.273717647,10.2,3.105566667,6.960405882,2.95
85.9,0.3,0.1,0.3,1.332541176,12.5,2.260582353,8.225052941,7.87
85.6,0.6,0.3,0.4,1.4796,10.6,3.339154902,6.878229412,9.81
88,0.3,0.1,0.2,1.244305882,10.2,2.375684314,7.090029412,11.54
89.6,0.1,0.1,0.4,1.723529412,6.1,2.001492157,4.943929412,12.11
90,0.2,0.1,0.3,1.376470588,8.2,1.982964706,5.853723529,14.09
92.6,0.1,0.1,0.1,0.982352941,5.1,1.645962745,3.744058824,9.26
82.4,0.6,0.2,0.3,2.258529412,11.4,3.989388235,6.855458824,7.37
88.8,0.6,0.1,0.4,1.547058824,9.2,2.320096078,6.442488235,12.19
89.4,0.4,0.1,0.1,1.570588235,9.1,2.208782353,6.162488235,1.94
58.7,7.35,17.1,1.97,5.374347059,14.9,5.4,0.34,35.21
92.5,0.83,0.63,0.56,0.952941176,5.51,2.1,3.815458824,2.32
93.6,1.04,0.39,0.89,0.970588235,4.11,1.677576471,1.29,13.15
2.2,20.4,3.436524588,3.47,7.600355294,16.2,11,4.17,39.57
89.6,2.92,1.49,1.54,1.505882353,4.42,4.1,0.8,13.73
43.4,4.52,14.4,1.44,4.622682353,36.3,2.4,4.5,21.81
94.7,0.48,0.43,2.44,0.958823529,1.99,1,1.28,1.33
90.9,0.55,0.7,0.29,1.264705882,7.59,0.2,7.72,13.46
88.3,0.91,0.27,0.43,1.391364706,10.1,1.5,8.39,10.2
1.5,21,3.436524588,4.3,7.50012,17.1,10.3,3.14,39.02
89.8,2.94,1.21,0.73,1.617647059,5.3,2.67527451,1.12,19.22
83.7,4.25,3.38,3.37,2.3,5.3,4.3,1.42,12.41
83.9,1.06,0.44,0.63,1.379117647,14,3,8.99,2.54
89,1.06,0.28,0.48,1.547058824,9.18,1.5,7.89,2.9
76.7,1.15,12.9,4.29,4.310215647,4.96,4,12.22815882,12.8
94.6,0.84,0.5,0.74,0.958823529,3.32,1.67794902,2.99,7.6
90.1,0.81,0.47,0.72,1.582352941,7.92,3.2,4.2,12.62
30,3.3,0.92,1.86,3.684483059,63.9,9.8,47.9,19.15
94.7,1.24,0.26,0.55,0.958823529,3.24,1.8,1.19,12.51
90.2,0.82,0.18,0.63,1.417647059,8.16,0.8,7.88,4.77
86.7,0.91,0.15,0.43,1.3796,11.8,2,8.57,12.03
84.1,0.38,0.16,0.3,1.290882353,15.1,3.1,9.69,10.12
90,2.57,0.34,0.83,1.535294118,6.27,2.4,1.4,2.13
68.5,1.11,0.55,3.02,2.129411765,26.8,4.599164706,21.8,9.46
88.6,0.94,0.1,0.43,1.447247059,9.93,2.2,5.76,20.59
90.1,0.83,0.05,0.41,1.376470588,8.61,1.9,5.82,14.26
63.1,6.62,0.38,1.71,3.238794118,28.2,2.7,22.86731353,18.3
7.85,38.6,20.7,4.92,8.830452412,27.9,15.40721059,3.004705882,47.88
91.3,0.89,0.13,0.539435294,1.076470588,7.68,1.2,5.76,11.38
78.3,0.73,0.22,0.67,1.924736824,20.1,1.7,15.8,13.33
75.3,0.74,0.29,0.7,2.340815059,23,1.7,15.8,15.51
84.67,0.1875,0.2125,0.1483,1.326176471,14.7817,2.043,12.2205,15.26
83.61,0.1484375,0.1625,0.4279,1.523235294,15.6511625,2.075,13.331,5.56
84.65,0.1328125,0.15,0.2991,1.326176471,14.7680875,2.109,11.8325,6.4
85.14,0.265625,0.1375,0.3139,1.202835294,14.142975,2.514,10.6505,11.74
85.03,0.1015625,0.1,0.0865,1.361470588,14.6819375,1.721,12.369,5.28
88.57,2.5,0.2563,1.084,1.658823529,7.5897,4.376,4.785841176,11.11
89.24,2.89875,0.1875,0.7325,1.682352941,6.94125,2.85,4.636194118,16.03
88.6,2.414375,0.195,0.62,1.717647059,8.170625,4.166,5.374194118,13.18
91.83,2.890625,0.3708,0.8292,1.3,4.079375,1.717,2.626394118,4.35
92.4,3.546875,2.125,0.635,1.335294118,1.293125,3.228470588,0.5569,9.35
92.52,2.851875,0.6188,1.603,1.235294118,2.406325,1.558,2.551335294,3.76
92.43,2.90625,0.6044,1.418,1.276470588,2.64135,1.588,2.297982353,16.05
94.73,0.695625,0.425,0.3119,0.958823529,3.837475,0.9706,2.843817647,9.97
88.14,0.0859375,0.2863,0.1238,1.256070588,11.3639625,2.14052549,10.295,7.34
88.25,0.734375,0.325,0.35,1.244305882,10.340625,2.460978431,8.276,10.1
83.71,0.2578125,0.2875,0.1219,1.523235294,15.6227875,2.299564706,14.036,21.27
83.66,0.09375,0.265,0.1375,1.523235294,15.84375,2.244564706,14.446,16.45
92.3,0.868785294,0.3375,0.09875,1.123529412,7.26375,2.078552941,3.413,11.53
89.84,0.5703125,0.2669,0.2206,1.423529412,9.1021875,2.299017647,7.116,8.2
93.6,0.859375,0.2875,0.9325,1.035294118,4.320625,1.681752941,2.567,2.79
88.48,0.8125,0.3563,0.3388,1.391364706,10.0124,2.380743137,8.077,10.08
91.48,2.75,0.3117,0.8,1.305882353,4.6583,1.879,3.019105882,23.97
88.13,2.40625,0.3075,0.6556,1.623529412,8.50065,3.009,5.853488235,1.28
88.29,2.416875,0.245,0.9067,1.729411765,8.141425,2.945,5.596841176,0.64
91.82,3.09375,0.1967,0.875,1.352941176,4.01455,1.781,2.626394118,5.48
90.37,2.203125,0.265,0.5575,1.523529412,6.604375,3.071,4.162547059,21.1
89.85,2.18,0.4494,0.7613,1.494117647,6.7593,3.139,4.372841176,9.08
89.56,3.5,0.24,0.9363,1.647058824,5.7637,2.753,4.418370588,21.4
91.52,2.776875,1.957,0.75,1.441176471,2.996125,2.486137255,2.636335294,5.91
87.72,0.94125,0.3506,0.7206,1.244305882,10.26755,3.095,7.2065,3.11
89.3,0.805,0.1375,0.6788,1.635294118,9.0787,2.694,6.057135294,0.37
94.12,0.715,0.1063,0.2806,0.947058824,4.7781,0.9419,3.622176471,10.91
92.08,0.819375,0.1211,0.3778,1.1,6.601725,1.071,4.165635294,13.06
91.93,0.895625,0.1256,0.3956,1.1,6.653175,1.158,4.165635294,16.03
91.88,0.881875,0.1556,0.3794,1.1,6.703125,0.9674,4.165635294,2.45
4.316,26.24375,1.856029059,2.961,6.752163176,16.24925,9.266,6.999282353,33.77
8.281,8.1125,0.9513,2.713,2.820042824,79.9422,5.401,14.20552353,22.1
1.104,23.99124,3.978586,2.771,7.469760588,22.70376,6.323,7.161435294,29.24
0.6056,19.7054,4.028174059,3.11,6.996968824,14.179,8.372,6.764711765,28.36
1.751,20.78734,2.385725529,3.185,7.110851176,21.23666,9.718,6.803205882,39.94
6.804,18.0359,3.677358235,3.525,8.715335294,34.3551,23.13,6.162752941,26.71
95.5,0.7425,0.07375,0.315,0.958823529,3.36875,1.67794902,2.670641176,8.01
94.29,0.976875,0.07125,0.6063,0.941176471,4.055575,1.531105882,2.670641176,3.65
95.05,0.883125,0.1063,0.7,0.958823529,3.260575,1.67794902,2.552052941,6.53
94.01,1.09375,0.1563,0.6738,0.941176471,4.06615,1.531105882,2.670641176,0.5
1.925,15.7039,4.508831765,2.509,7.822892941,18.5921,3.941,6.962111765,21.81
4.261,21.45038,2.485066706,3.164,6.901070353,20.03462,10.78,7.223341176,32.77
3.145,14.5644,4.403514118,1.641,7.227817647,10.9096,5.21,6.950347059,22.49
2.623,9.9587,4.358677765,1.439,5.097600471,12.6993,5.793,9.844005882,19.8
84.99,0.4609375,0.2113,0.2463,1.202835294,14.0914625,0.9346,11.42,6.52
82.18,1.039375,0.1925,0.425,1.558529412,16.163125,2.852435294,13.872,5.56
89.66,1.96875,0.275,0.6838,1.505882353,7.41245,3.011,2.3338,16.94
78.61,2.27375,0.36,0.985,2.089442706,17.77125,4.299223529,0.5263,12.38
80.47,2.0625,0.2475,0.95,1.923529412,16.27,4.148588235,0.6639,14.45
81.07,1.8125,0.2638,0.8913,1.723235294,15.9624,4.068017647,0.6451,12.71
79.54,1.578125,0.375,1.179,2.212972118,17.327875,4.523223529,6.0588,20.09
95.2,0.4921875,0.1625,0.8288,0.958823529,3.3165125,1.67794902,2.670641176,11.54
95.87,0.625,0.1775,0.375,0.958823529,2.9525,1.687439216,2.552052941,26.45
91.87,0.96125,0.2275,0.5575,1.1,6.38375,1.849729412,3.977811765,8.67
91.14,1.2425,0.2138,0.6138,1.229411765,6.7899,1.880023529,4.733635294,9.12
90.83,0.640625,0.22,0.345,1.270588235,7.964375,2.025670588,4.862,9.79
85.55,1.008125,0.1875,0.35,1.411658824,12.904375,3.235390196,2.6759,30.23
84.19,0.703125,0.3063,0.2288,1.326176471,14.571775,3.184329412,9.356,11.51
78.19,0.914375,0.1638,0.535,2.042560353,20.196825,3.349082353,17.341,15.4
79.88,0.89875,0.2325,0.385,2.018854471,18.60375,3.055317647,16.133,2.76
87.1,0.2734375,0.1625,0.2025,1.150188235,12.2615625,2.285466667,9.663,10.58
10.56,0.918225,0.4938,0.715,2.703431059,87.312975,4.834,25.02435294,5.61
2.265,15.03684,3.313848471,3.626,7.798405882,21.64216,5.984,6.509682353,26.27
4.811,17.4423,3.528411765,2.598,9.222982353,36.2887,4.104,7.578047059,34.38
4.309,13.4938,3.152536706,2.206,5.943111765,26.5012,8.41,7.867052941,27.1
4.816,23.205,1.855671882,2.201,7.028329176,26.498,8.014,7.598305882,19.63
7.326,5.28675,4.636,2.301,2.703431059,80.45025,8.711,14.20552353,17.86
1.829,7.7857,2.482207176,1.361,3.720001647,24.0943,7.563,9.726358824,21.99
3.95,20.5057,2.506665059,2.83,7.745204118,27.6943,6.969,8.591988235,29.52
6.621,29.9079,1.591862118,4.766,6.085275,18.6751,5.079,7.888341176,44.21
4.873,18.8733,3.278076471,3.313,7.901069412,24.5007,7.215,7.3783,19.63
4.69,16.1385,15.28,4.989,6.815882353,58.9025,34.24,4.736211765,33.19
12.3,21.5625,2.199,4.143,4.636888529,59.7955,21.05273486,7.361473,21.09
8.774,21.275,6.274,3.319,5.080631882,60.358,19.47647059,3.272941176,30.25
9.451,23.56875,1.925,2.884,4.320896471,62.17125,18.3639803,6.899994118,23.17
11.01,21.225,2.419,3.51,4.151548706,61.836,20.96842113,6.964220235,29.21
70.79,6.9125,1.273,1.211,3.354382941,19.8135,4.616988235,17.90700588,4.73
70.96,6.56875,1.398,1.09,3.470499412,19.98325,4.616988235,17.90700588,3.99
71.53,7.4125,1.169,1.07,3.631844118,18.8185,4.616988235,17.09894706,10.73
68.59,7.01875,3.096,0.975,3.0532,20.32025,4.244929412,20.78974294,28.37
68.82,7.8,1.256,1.094,3.006141176,21.03,4.244929412,21.77884294,8.24
68.93,7.30625,1.299,1.018,2.823788235,21.44675,4.244929412,21.77884294,25.05
80.53,4.734375,1.153,0.875,2.582188235,12.707625,4.086164706,7.893558824,4.79
71.33,6.69375,1.266,1.11,3.499911176,19.60025,4.616988235,17.4323,17.8
71.62,6.925,1.296,0.9931,3.482624118,19.1659,4.616988235,17.09894706,14.77
71.16,7.03125,1.266,1.214,3.482624118,19.32875,4.616988235,17.90700588,2.78
95.01,0.984375,0.205,0.54,0.958823529,3.27,0.7525,3.021347059,20.65
94.05,0.890625,0.135,0.5275,0.947058824,4.39,0.9563,3.241464706,5.92
87.32,1.14875,0.1675,0.8563,1.244305882,10.50745,1.959,7.021552941,9.52
87.22,1.25,0.1825,0.8675,1.232541176,10.48,2.635,6.802964706,24.38
94.54,1.02375,0.2338,0.6875,0.958823529,3.51495,1.259,2.604876471,8.19
92.72,1.640625,0.2375,0.6788,1.035294118,4.723075,1.948,2.879635294,0.58
87.51,2.96875,0.77,1.729,1.823529412,7.02225,3.816,4.768547059,24.35
84.62,3.984375,0.565,1.215,1.897058824,9.615625,4.785,6.629611765,12.92
88.16,1.6875,0.3025,1.063,1.723529412,8.787,3.119,5.1015,5.5
93.11,0.851875,0.12,0.5188,0.982352941,5.399325,2.448,2.354,2.96
93.93,0.8675,0.2063,0.7088,0.947058824,4.2874,0.8725,2.613,18.55
90.21,1.351875,0.3825,1.724,1.535294118,6.331625,1.636,3.517,13.29
71.93,4.234375,0.7325,2.915,3.383605294,20.188125,4.704,11.693,26.92
89.94,1.4375,0.3975,1.088,1.458823529,7.137,1.944,3.744,16.28
89.11,1.578125,0.265,1.01,1.552941176,8.036875,1.971,4.313,6.79
87.88,0.96125,0.405,0.515,1.406070588,10.23875,1.51,6.25,15.62
90.59,0.53125,0.2163,0.5125,1.270588235,8.14995,2.2022,7.029,11.23
66.06,1.15625,0.8933,0.9383,2.613938235,30.95215,2.125,14.243,12.02
63.59,1.229375,0.685,0.9083,3.214985294,33.587325,2.53,2.412,12.12
90.94,1.64875,0.325,1.718,1.235294118,5.36825,2.28,3.782517647,13.12
92.57,1.4375,0.2163,0.675,1.035294118,5.1012,1.883,3.467870588,18.77
67,1.8125,20.31,2.554,4.851541176,8.3235,7.302745098,18.00882353,30.84
80.25,2.789375,1.626,0.645,2.1116,14.689625,2.428,7.372,6.53
83.83,1.008125,0.64,0.7038,1.555588235,13.818075,2.129,8.5568,2.25
84.65,1.039375,0.4575,0.4313,1.291070588,13.421825,1.328,9.116,10.32
83.2,0.5625,0.5725,0.4,1.326176471,15.265,1.753,10.698,7.47
80.79,0.6875,0.6813,0.445,1.898767412,17.3962,1.289,11.1,16.11
84.27,0.3125,0.3713,0.2788,1.326176471,14.7674,2.636,7.79871,6.64
84.94,0.578125,0.2825,0.7438,1.249894118,13.455575,1.346,7.964,1
67.71,1.166875,0.99,0.9417,2.466879412,29.191425,1.792,19.16633,6.98