moisture,protein,fat,ash,crude_fiber,total_carbohydrates,dietary_fiber,sugars,FRAP
38.708610696262625,3.4470881927210155,4.638909045268031,2.4749194238872594,31.53921185751579,51.144907108173086,33.912534957487004,18.386711299733822,80.0
90.56428757689245,16.877929683908143,7.325463306282987,0.7520559368012874,5.860542076058053,48.75091265778386,28.437708986475172,11.12754847767666,5.0
70.87945476302646,17.137783405082985,4.8367568647802965,2.2236366333530744,5.774324303514904,21.538523948386143,18.831285212551606,4.001141633871612,5.0
58.8792635777333,19.848037241949783,2.6732120770478627,6.038894829212076,16.326357670233943,40.474869657569386,17.41338953219138,14.222083245207246,39.0104039521275
19.041677639819287,22.330557344234524,3.4555788419647198,4.50353323062873,22.102511664163302,42.811737127151424,18.742580743646236,16.07196565832683,80.0
19.03950683025824,29.323858224950968,11.789079816801781,8.980381255231261,31.964259623272763,43.92936685381403,29.366338279529547,7.018471864283007,80.0
10.227525095137953,16.45640975243347,5.5551761009419165,8.26571383651519,28.915338181227682,54.81034215363994,26.534265276760358,17.286405882976307,80.0
82.95585311974416,11.042781242354888,9.424611595677849,3.7472648411298217,20.60659472318619,52.016152803612705,14.629889196686698,18.21672184054956,6.262868601745206
59.10035105688879,24.265213453523703,12.833723135943993,2.9645226175972788,14.576933319858306,56.47430556760668,14.35273338335211,6.26118526017837,65.09596604907134
68.7265320016441,9.583303035338078,17.414673301419448,4.1070778775890355,39.89935750551989,65.8929956925277,12.459891242834933,19.68690798158922,70.407146215293
6.85260448662222,14.291199779757811,1.463147426106924,6.107801953890673,19.916345578259055,68.7791443229656,26.507567992533453,3.67351903292641,80.0
92.29188669457949,4.196778677583447,20.085554773271546,3.0466045878173245,20.79854585153864,63.08738457358967,29.109316555543398,4.83829769964731,28.012656520259146
79.91983767203796,2.7098208156328103,15.883559542527241,6.429414624566773,10.726833741708422,77.33142175729608,16.6261607081251,4.500271945522496,29.071662005053494
24.110519961044854,28.9541556109819,2.5030962827473617,4.389410695816784,32.81833420624753,21.093954960581698,10.52362402577282,17.985804490149537,80.0
21.364247048639054,25.407443374341764,21.902676290616043,5.744448218093813,29.278877902352104,31.746679141012766,12.054291686910684,13.431558494174276,80.0
21.506405886809045,21.487277770623542,23.061373813029423,4.6432020267855085,12.726936447606613,20.453772498688526,34.196500871125764,3.8899813812231847,80.0
32.381801866358394,13.450682443599558,1.9964100164441618,3.297424715648218,7.883336596554495,58.84848284927618,17.386119436935505,9.366144948998631,75.48330846651096
52.228078846901404,6.852240961983682,7.2835023796064915,9.510306416140489,28.81747557261496,73.88183293699922,29.23057869595334,12.690662476326239,80.0
43.87505167779042,6.380237194790409,20.25193135493,7.754255044517728,27.907892499839733,34.608937794577955,25.616589221356595,2.5858176147982825,80.0
31.210622617823773,9.00680114860867,18.83236241439963,1.8310751697812993,14.564083444937326,75.6220726877784,19.548490991322396,17.765910999739436,80.0
60.06676052501415,17.378346611771374,5.020764974231245,8.750445771030172,38.28022467876436,23.61604341737365,15.142181554888879,16.26846717338917,45.78865253376456
17.554447458683764,22.008685835601746,5.629058421749402,5.13059638337038,10.287026212331508,76.06616160833086,13.034660453985161,10.598928697956126,80.0
31.293018368169633,20.485526548096477,9.576566518388859,8.998246155493868,20.131718036491066,41.09736123437806,25.375324200971665,19.37540568992424,80.0
37.97256589643225,9.838149114486399,12.370813137180022,8.098624931499494,38.02655720586596,26.085249706952993,29.3658445159447,8.937458606226894,80.0
46.046298579533236,28.736227858569436,15.64724190249225,4.539528292457717,19.69045609241428,49.15230555117954,26.097606338528266,19.69809606169346,80.0
75.66583652537122,22.66111366748152,9.538384169459425,0.7134584290411152,27.348408168242994,35.40659406323048,23.25755333122896,13.690479977268915,35.036647531928345
22.970640394252378,17.52191347031922,11.832100545262124,3.0524349141569878,18.915803928697798,37.092374117715366,11.048780585790906,13.058754191824887,80.0
51.28109945722505,19.12818089456186,18.813037984277035,5.645525039278236,14.59753208220345,38.43739789557719,34.212219439859595,4.153143010619915,80.0
58.31731119758382,13.748801747978117,1.3987384708196484,6.518043088348399,39.43921767859399,68.1815538699598,29.967854791364363,17.756627407788237,80.0
9.180537144799796,8.93646770603241,6.684705136428509,2.9499330116154217,19.326690221026507,52.34967660051527,17.32055091752412,9.122304070491687,80.0
59.67903667112945,11.967235002235324,17.977064854171534,1.8238827036918293,36.29347212876971,38.67846194936022,34.49925823397126,4.082434709867108,80.0
20.347171131856236,23.219691093002336,22.432567523336385,8.431837249593341,13.048411206188016,56.6200269986551,25.047039740908055,1.2395428795394219,80.0
10.854643368675156,2.4030176816331643,13.03609733183382,9.851820716683745,12.458664640877917,62.969040453391614,24.56056645518116,11.635357989129268,80.0
90.39969835279999,5.250033934193654,13.536780389000233,5.494056731875515,6.089692900957898,36.35744004401202,28.7018294857383,11.020592820330851,5.0
91.90688297671034,3.288073976609077,3.125714277824513,2.1309532155588835,27.808338888155976,44.81294609152109,30.29424470225344,14.667718825014013,5.0
77.7557613304815,3.140406464931164,11.461602987174638,3.086919601934005,17.898422030331638,27.313165600216855,26.411965183287567,17.91490300733824,5.0
32.41523922560336,25.9528963523082,13.549123028148067,0.674711427200934,35.252538744387294,30.86896097208082,13.202393659155,2.508725108217561,80.0
13.790490260574549,21.702420062640662,6.440527339050877,9.185838662324741,21.5623467342045,60.86707123789897,18.45668764986246,14.898433316466885,80.0
66.58097238609412,15.276867214445105,7.096459158259834,1.6186352874563408,38.88676997701526,30.886300861737617,33.20209100815124,4.560826937854062,59.50187880590576
44.61372443656412,4.739356498228041,9.743461996063255,5.976906517385409,11.49339304960924,51.50980302002361,15.615390296096297,17.305364009986114,44.87349435632832
15.983441136030095,15.765244503271306,0.991744345554296,3.103524596528457,35.401810878446376,62.54277570334596,19.304175595937835,16.562206763371464,80.0
49.56592191001432,15.25720958185584,8.390939556787867,5.7646910239000375,32.18088984771096,26.41261538568463,20.8019220736049,11.275081344725344,60.33221097171813
8.094966900369656,6.849652357480425,5.680476171415344,6.68849368934271,31.982264562541822,54.038733177734215,20.985124742361304,14.494613173842918,80.0
86.83883618709038,14.147846178663245,8.52368512835891,8.382547135218417,34.567412984091064,35.393767022081825,25.323489562363136,6.97265215049122,28.67489678677904
28.290198344001524,13.158132563126456,3.434172229571655,2.4610020817257308,31.63583968300496,77.77561251425479,33.576895943617686,9.952190079723477,80.0
64.62700559185838,19.243802745462062,22.317918378127427,0.6044603722555646,26.917711257099537,49.01273880319548,16.017317795812623,16.61110105649896,61.709791407948146
33.053996848046985,19.782622224294027,15.043015112074192,1.800413485653669,9.593570718883566,68.35955298650948,13.037534407522951,9.726038746291064,80.0
51.80612190600297,3.2685122736172465,17.138006819039994,9.050177097556999,6.138416282193817,53.01359252937571,14.936762246498432,7.798167041183394,40.24705843978811
54.203925140895166,12.489153209541193,19.834695345879787,8.801955736843896,37.22967467354904,22.60475197128915,32.17312250523174,10.390036497755698,80.0
21.636900997297435,19.52407763999862,12.711833873761904,6.175424470617929,26.58276100822583,57.989082535641344,26.14527031638015,16.73673579630715,80.0
92.26261649881027,16.087815240242456,2.6295470581418803,6.204910174119707,32.87880518416617,77.08420053239942,17.147669730979004,7.368952900046581,45.48994381454878
74.76195410250031,25.981715553273023,13.65911027455442,6.817848408189427,21.853282302939252,56.09670920877987,30.398673474215432,4.3014702695791325,80.0
89.55490474077702,20.44342168533046,14.877607391511539,2.166027146922771,9.105786613683808,69.15133156560742,31.5342499090859,14.528266386284834,45.28841381797177
85.5344615384884,6.562163958280031,18.763267117516083,9.186913486287118,9.381502727089266,73.05238780090447,31.16285846725695,16.693586041453557,46.90586058543411
58.810998092997664,3.9759249272120356,11.075658882627145,4.478319986474695,28.994785053014,33.68478631693595,32.97316334098886,2.912112091947133,51.67192391084388
87.96868115208052,19.98773978977684,3.625717418491312,4.139816018370226,20.060706321481195,32.7226903944936,16.306025504334038,5.55760814236295,5.0
12.964325184672756,2.7423166951654108,7.45250969206875,5.429718200186956,12.018365434511786,56.6588593310595,28.87604821865696,3.697467805458884,80.0
22.638457617723066,18.401716275656973,9.39551626176656,0.9461766843630229,22.20580913595029,44.66170818840229,21.5134874318535,7.610886820061166,80.0
9.070456001948425,28.32644675989881,16.32497241262423,2.079692003182754,7.247312797629693,70.39167817200322,31.049963822251538,9.55666859920284,80.0
34.27972976869379,18.11327698052461,14.484068464388342,7.511319356050519,25.36899906700396,74.00138740388067,28.21226692904033,15.227700402302823,80.0
39.98095607205338,12.868757933782614,9.224369784497233,1.2865873452887016,14.414769155228418,41.20528275816309,29.411186162493117,13.371804112751809,71.6874702711249
29.421412859650633,20.01207011638589,24.669623595428003,6.229945039930688,32.914568522301586,34.21223353846892,26.404045942026787,12.797642782090191,80.0
79.58637582367363,14.831080933762465,15.341483074243735,2.830816541972549,15.862668562325082,66.83153091463171,14.43571923674267,7.695123985583434,37.40129074845254
37.10779940242303,17.277270100846177,6.312056397531864,4.198308333398777,20.93270521786304,36.48836213288817,23.62567297242346,16.987503508610438,78.12672185201474
30.28410587186427,28.361014645742706,2.9936705791998914,3.242590499321649,5.406718896783522,69.3568591108207,34.616743488112704,9.954456180565126,80.0
53.84264748424236,12.81087385842168,4.245048910016134,3.878890806417017,7.535641072809561,45.42429521892577,33.43470166242797,19.602993822287935,48.81487723307429
17.683180247728636,28.9133357870696,6.52596434542045,7.330936099250332,18.73727447423397,60.052993957488226,11.079343394925292,13.048700627619,80.0
77.19772826786357,27.349817974769785,4.436693644859114,3.3226562984201626,21.797859215099322,25.73211883008009,14.120370393235929,3.399030089725552,12.323926624909065
11.709557931179374,7.4821517741003,5.070892089256991,5.8808440828205235,26.00071918417563,57.43155948059438,13.293219336364048,13.847373679433247,80.0
93.81982429404655,3.9421164245046327,7.484831632999254,5.022478820891447,15.208190254825613,47.10606072423374,28.14949774963239,7.176976293202281,5.0
74.50202923669917,4.821784038567946,4.7476530847214935,6.8048760709451575,29.32436601442899,55.19650779052844,30.444633246423628,14.040216737035852,48.906325904135244
22.884411338075516,2.5102111182433924,22.470752903347417,9.399882523585202,35.10428390162216,30.080852464691805,15.337784157766798,2.323181815085709,80.0
5.496990541124216,4.644402901165995,2.465726768710234,7.459434923497378,32.29478461126725,64.21242469665093,22.646317323795724,4.322747306343228,80.0
78.39152856093507,21.124189655657993,13.350529044471239,2.541933596612189,6.3866588871925,71.7678246525937,31.01757570028,17.25900791920994,57.46088362945652
68.61716094628554,3.9932821568864116,10.554722261246708,0.7962397830822043,21.81774315402401,33.00438800544654,28.320038619156264,5.316411583446783,13.912176810212372
70.61064512368885,10.931317648225317,24.568276114260858,2.9915084208483385,8.67255624463612,25.742873331209704,23.555930137296208,16.90378137961586,6.270569162527676
74.41433120173512,25.656508707144727,3.2449531031172825,6.153240341652421,13.471575555188462,21.418315162780182,24.75869226146932,6.306245680633798,13.25342535332116
11.664018656068134,2.6516142006031242,10.24746217662067,0.9885452281003784,39.533190764350124,58.51829002659596,22.709013672907,13.214756291115446,80.0
37.261915568984534,24.805117512490202,24.252025615246538,5.215479348411745,9.987344001552962,56.42564216532685,17.438711282970516,14.188860896686789,80.0
15.428215357261674,9.891933693655197,21.704924584402516,6.170007064710448,22.461085370797463,52.8018447628442,24.125549821475403,10.740440309756005,80.0
82.67930832880342,5.308615173406375,20.51826573825736,3.6753169627611277,26.635450701134168,33.916825766958524,27.222132551252265,6.800902857237895,11.539202535788696
61.096831414480214,21.50864063019622,6.818619262601026,7.823665935585308,29.58627396904364,43.45435975433088,31.833072896520193,5.040243151050826,80.0
34.78082223673843,19.610399709836752,4.686745891056613,1.5126834047708322,24.587703922041992,55.668580111170385,25.907283849481203,1.6305977366860982,80.0
10.720251525742128,26.56921637875748,16.88175888814856,1.2138089264901832,5.341979659671428,49.80601153155016,29.02803842607895,6.774981623573752,80.0
32.9884089544096,22.581989226508803,23.26971173362585,7.417793183934232,16.426145788539714,79.26713121289325,14.001790873864325,13.410093020094378,80.0
34.266498982407235,24.49746605077576,14.14069087884128,5.207167503958885,23.1199075184649,28.18638515340399,21.538936860494747,18.82779155052117,80.0
70.66455605042577,9.896968031996582,14.504510892012547,7.039822766063493,8.075327470069167,61.708673242855625,10.233290495677332,17.55288516299799,21.68854280975411
62.38017242196918,6.968307225832239,7.359487794676962,4.630859716735589,17.271942592321327,44.259126086257524,16.166971613040577,15.555230754170749,21.879610958754412
84.84914683186939,23.017213045944033,19.352576863202454,2.8408193157715145,6.16210880769783,45.69197689553688,28.16154287782512,15.980499521812675,24.298076012821763
47.49934326457544,24.591372699483394,5.082571839659322,8.281472017904896,7.750247400425726,63.05586593949057,34.79524878373408,13.63471316604391,80.0
15.763482134447154,29.734143976018853,8.43014129190397,8.094450850205302,18.892314667055864,61.54616907946218,12.479452489680398,5.945450293754057,80.0
69.19203085006956,13.553294953519941,10.923192746102211,7.099616473117054,9.645051391507113,79.4753596221313,20.037357896532207,18.236705583410767,60.53585081443307
73.47065437552077,12.416506402197928,12.936454277769148,3.0853788036846455,24.863929689154535,27.703657367247516,30.00177421747899,13.743913926210848,25.569770146515136
55.51494778125466,23.739562900775912,6.439038444169466,6.107191335256328,29.1312739198043,26.24657896304998,15.100890865722471,11.648371988628359,55.28779035598122
74.38704619591049,11.5424991270845,3.3135022061104866,3.9292520209302544,33.0205344688179,63.46032902772447,23.877123732557155,3.1087999150561405,63.76121960873422
49.44160367279517,28.061205116899814,15.460191039819998,1.3700296966030243,12.005258548568353,54.70321502038455,28.32678240074187,9.494055332322084,80.0
52.045954644379464,26.03555705160433,7.571448554386267,9.214478966891306,10.861890379067441,36.44963999358835,25.399636256504476,9.746807152836599,70.19331060769326
43.47869165226947,14.011832766500515,14.740336424854,1.7997769937301333,8.65987441170401,24.765162139339196,14.700618365385402,17.42670858093073,26.017326758401662
7.287721406968567,23.024389898161928,4.281886524217956,9.527254861297623,27.275058734027283,25.13949497578583,18.884614217143486,11.386316183567981,80.0
14.7102284293974,23.127200474371104,12.287932495443028,4.737054843100579,29.72665042704154,73.6514524798471,29.59479461213493,8.227610430437784,80.0
7.828626711806082,4.887468327406113,13.548441097513853,2.2587628239668867,6.105515068897471,31.512039483124575,23.855662853300416,19.559206241702526,80.0
62.27693701374024,27.271481387027865,1.7696766521494594,5.648059000094403,37.767428618529145,39.40229372693125,10.130740338572819,3.1036912731999977,68.24991216803366
33.2920382968694,16.14706642854,8.746804815751053,8.792985440825879,6.818994927801534,33.59938413361928,29.024769000702346,9.028420137926947,76.37127624141948
50.77136220482325,25.140809051016767,3.7931595850048687,7.456136420890831,23.945371735537467,41.29977834991624,10.882783873505977,1.7984688282567005,70.16903074928602
86.68098265334837,10.961388828857128,2.0526867765828096,8.162330904683772,29.817118180782074,24.1654305647656,28.643344568280803,15.058178294571677,5.0
27.436300623398743,27.074650397893613,24.754025693553658,6.758441983751815,35.483919331113,51.14358745449622,15.062014004130935,18.44345449178386,80.0
41.93446307320668,12.897647004556568,8.397669201880714,7.076627362919599,29.993042624634974,24.056753815532893,33.951837002984504,6.3207092614592995,80.0
72.99960246887439,2.303454241448354,20.341923923438554,8.567358689870533,33.06048290744272,68.0213904693417,19.198518782552114,17.308491859183295,65.47687616865258
25.59183489424602,27.35069533973938,6.738696041712214,2.8718460841622666,16.880756738998212,34.02272491462598,18.173290408451976,6.552146378776057,80.0
11.928191884591369,4.55602695001174,17.196816694486266,5.149537154609835,33.518878981127926,52.400714876270634,13.722201258311117,18.304633071234388,80.0
31.07763076223912,10.940781852531616,19.12558256729732,2.601489697286221,7.804019623463629,72.80474525368749,17.64010538725537,15.325276168338895,80.0
19.5099158528604,28.60173507742254,15.093149144892184,9.882846075968146,36.31858296211847,59.05264214283165,31.916269045705015,16.293228759987336,80.0
88.67278871083158,28.61700011425157,12.05361661947888,9.468563727022826,24.165733165380768,51.977467193080116,34.908358440681184,1.3421245564086355,72.28434327081602
77.73083416079753,18.05626086745201,10.59010239660808,0.874554708000806,33.60542194868728,39.460025186922536,19.207738262671207,19.293396784406493,32.77270896643345
62.00633808593811,19.69144194075438,9.047272530303385,7.20296413889904,20.831139958140504,39.98011478349187,21.215265773863564,14.806748849336142,54.18375315052838
83.43145311689459,14.556474615392954,23.273464034071733,9.289859015448826,27.525219331878375,60.16921731189141,28.051773455068425,6.790270812336533,71.78671393533912
77.33048692092031,10.209901607545806,20.850175490799362,2.2154657787096683,23.42409313276396,79.64836167327005,32.154894511626864,16.758498632318094,80.0
21.791305299743225,11.202607270357646,24.14315931132956,5.89547969024998,30.605633261436616,59.710351390962714,24.826108354669604,6.348902769883669,80.0
85.330309864098,20.830516770157075,3.545281975395846,9.197138827086398,7.8570493710706355,53.46700504220149,19.788142454445733,17.58232295175643,14.720590814107828
53.540801772408564,23.06648682425504,18.406253142489284,0.822486796565089,7.112322939669733,63.83903061435477,20.315546021215596,3.1390274178268034,80.0
77.66961396476563,24.16421322432376,23.489341192115425,7.125492538844979,13.648613190355125,47.91233673702309,27.39045366242017,14.370033571755119,55.887940684094964
85.64821699311439,24.10930799824751,4.940210121058674,3.3248155700392323,10.584063803961591,23.608540556047114,10.080456590106968,11.273271056253297,5.0
33.62031274746775,4.55377088536333,2.1291585504860486,9.281763856077038,35.512424830727056,53.73780895267459,25.489733436496017,2.8341549337133753,80.0
14.904673207490909,15.843768531672282,18.657455907606447,9.725053329070994,12.672489557531552,77.45751707032281,18.887325261033936,5.595982736917941,80.0
25.51416462877475,3.61164528046604,14.574591272907842,9.470531646577623,39.155283953669596,30.518176541459578,29.854933281927106,1.235676689268981,80.0
43.43970097636307,17.386808705064595,21.124805030577665,5.005035058245906,16.79135271198874,61.400293449239946,12.324765995578304,9.90659134382561,80.0
78.62132893302439,14.362854038454557,3.924423227344093,8.689405184398478,11.374127049104475,32.05602131954339,24.705056673709763,6.724039954440007,5.0
82.46575249307091,26.855717117232395,19.98404914056731,8.523219286083169,32.63944774998677,52.14966106838487,22.024322247153094,12.368792201657417,74.38070762844326
5.6256917478071635,11.825620351458204,5.439869341169741,3.5314544958109284,28.054772142530663,25.800586978803178,26.058138147630686,6.647518346463727,80.0
50.967257231980916,5.277876459972964,4.50957060020976,8.374697004431436,22.436850075859866,47.02225617549111,11.621339862074208,6.698463118632709,44.14679633716237
42.56699028339011,6.003767097479404,4.524512049309327,0.8515725297971799,24.437724282817094,65.36979973371476,24.499594685703283,15.120670775900464,80.0
24.98970294236572,23.322297688089222,20.45708064566886,6.1645638455795035,30.172062239529236,40.85429145433892,24.03711469898809,1.9147138835887154,80.0
15.787883060031453,19.31010577285531,16.797331907056904,2.685083954233179,12.995915946595456,59.89470346923308,24.016502360404274,18.155004908647758,80.0
35.385365426326516,4.831434931438126,13.315102906843423,1.6453854148841487,39.871687061985966,67.72699764738375,25.08719166491137,17.19301361343245,80.0
89.86187335212672,4.354990571219928,9.291346861025811,1.231055415477487,39.11776067513741,75.63066916876716,26.911698430659055,13.688288981301724,49.00704879835863
34.088263881867974,21.62713568085536,21.991413249921152,7.114743370842327,27.76139902214279,34.078524911327214,30.124724992019242,12.271209832040302,80.0
51.691155956902946,4.037364178197419,10.114905131854567,3.7288121557966285,11.98398578252008,43.958954948558485,16.74551800320536,17.953747464653393,23.86991388204907
68.27170630056601,25.012081660129972,20.506686267053638,7.385284329523234,28.807988485095198,29.144960799825046,30.62623525450155,4.521273411045574,73.35604848645603
37.726664214136456,21.774782360381895,11.258805259970352,1.1208852375899525,7.526944314271154,79.5490101295025,22.45639205658634,2.5004140816257436,80.0
92.46038744488646,4.277765857973193,9.735138520910235,3.4952582093907982,6.072837577203212,75.62005807545772,11.92645697835828,5.550693228281224,5.0
91.62025654479001,4.375455994385374,11.835654748905357,5.625167277565703,14.01890109789248,52.39742781683358,11.46377323109948,16.096987295303613,5.0
27.660406624282775,29.625908198032914,7.883757917021481,8.011870065970154,21.191803485876072,70.52199766258528,18.355957967401523,1.6587350678031831,80.0
49.75236553031469,12.47958228117137,18.816429814318152,3.528148777854664,35.38953768929332,51.25747863632253,29.62242442778669,12.073329866586302,80.0
32.07904788350927,12.377980117872946,12.81664955726574,6.445968076151586,30.45091744182078,57.415141280165585,27.692023368522893,19.913312807634888,80.0
30.635644493972084,24.758387883210073,6.189211031097024,8.916788608243778,30.994728241999336,25.347465926960997,29.71537411681016,17.25822578291325,80.0
8.319825261907951,28.522960166748042,22.539577045226928,6.350700287731893,19.892266705682637,65.31622522980848,22.931726411040234,10.9074680918282,80.0
59.860790058190716,29.608029787040387,9.905334923643679,2.713115010159521,17.107724739143702,27.66280901811409,21.004974948887266,2.2091772764462045,53.848518391349806
50.24111209059753,23.094589187250364,13.81704509729272,0.7318074247871111,17.986356704461095,69.5640578151517,13.686313167657099,16.796096773328486,80.0
9.633087612499041,12.535268394865641,22.7085667186314,8.765939302058834,39.56773473076203,66.92168526022316,18.20481884023279,12.380591655367,80.0
30.07818178129503,4.338020067562725,15.793830899892807,0.7020594030786778,6.403821699436887,62.52468186457859,20.85048415434688,3.1837269441317697,80.0
86.74392973699884,23.76011364596823,3.3640019973549196,8.809665890499895,35.3461023642857,22.169622831485725,12.215010741990431,2.7832884116437677,14.598822412516926
26.560570160027517,17.635318992602542,23.52588702853014,5.524902773258514,25.253639300033768,38.187701356719714,15.51529881778028,18.282909569295256,80.0
18.04053848821008,13.878216258915336,15.878847300249738,9.421143135872514,20.351539671635667,35.78675419465057,24.955632351593472,13.71480499582349,80.0
49.05074842498067,27.377922782652607,8.70518755909861,8.08844073984982,30.384018114529777,41.60818444829114,28.391577855979747,16.756449187018355,80.0
93.70854086995406,5.113529504572238,3.912165780252988,9.980374050066706,22.0334129498646,25.25856480583031,34.95868778482374,17.70059910536308,5.0
26.784974436035036,15.793502920144057,19.95361713712225,3.8317622467912464,35.56981333285812,76.21746938186376,33.327833283588944,11.863674688918122,80.0
65.49219926652907,2.317902053487734,15.691782520248582,7.788288744845706,36.52456524039405,53.22813444274258,26.06412998837979,10.831480683345784,70.392985901024
73.54576537958458,15.122497975835536,13.569796753419878,4.318343679287801,19.760232440570938,38.33145863948141,20.5312013323518,9.178120796098813,27.028478963393084
26.38737895931597,3.576491719091446,22.400368284748463,5.058818392887134,14.688972903226805,43.818891024457,25.90443411770582,7.021985168031266,80.0
70.53947137506736,5.326901655506013,19.820631675001003,6.461301900574516,25.732261500767677,46.83215243029014,29.641290452005798,9.257323256315523,57.95520587569068
38.10048194473279,5.290734909758937,4.216034553452404,8.799932584770218,36.932717096584184,56.03566000163704,12.958404773084684,15.703713458872972,80.0
61.90752475342215,20.17788845924978,8.137190660990932,9.848792957393304,12.37317661519833,50.94076566178987,20.247622242407207,12.4365451892875,55.92089109526687
62.01767396848052,22.88925661943185,6.58798392545441,7.798597431712923,26.803830424721898,75.16351839286504,30.99505714089043,17.957942509142075,80.0
53.21972156672826,18.334325422720468,18.726684168030587,4.468784430589671,27.10460770323822,49.817808974349816,19.5958237983261,9.424220273204567,80.0
13.126079304896747,28.940831357287173,1.321544651026595,4.502891521632167,30.658955784534836,79.52948088939877,24.296806780679663,12.534701995656327,80.0
80.17722460303142,12.496376226663713,14.462297279347254,7.507031865094469,9.604868979454093,71.08549746470575,24.694234021554955,12.994843508747785,44.184662599733215
33.870205847456226,9.9999384158921,19.180237800646918,2.7683828847988723,30.0538737638731,32.51063086144015,14.611906328340984,12.242246083820184,75.09732614794882
21.786665935986882,26.320775589304887,21.98075810066286,1.5495040747482491,36.816138223297436,75.83571287863498,19.05588604130721,14.35004168862481,80.0
8.669762739928753,8.260683478544674,8.881002843539733,3.868910497587377,11.28890881045847,26.981983873128566,18.362782218548304,5.511235899121319,78.64593034730078
58.18036488694176,28.970231104337117,20.620803964464315,3.2287704207137766,13.314016372335718,69.04698250947149,10.65491771330162,10.734911773370023,80.0
65.98079256580542,2.3403252913148576,3.2104775554025773,3.314927144331906,38.998828291457386,42.837397608594806,10.60479409728388,2.9802712533586058,26.27813749080928
6.4929046035070535,29.156607147813894,21.238081147495695,2.7192736349741446,11.334193344832142,72.67845922670418,30.792426091894338,8.305715225251438,80.0
51.088375246935286,3.208477534616131,3.6234722271335693,0.8998853015454379,34.90347826793527,72.08340140644702,16.82677024932031,10.265674303804024,79.46388997501796
25.384619767814417,26.95200718354599,10.233538618728998,0.6698023799674312,22.22972497568122,68.35552400705727,22.951969155970385,13.392260931363976,80.0
63.06555113685049,16.775631054416394,20.033736461599062,9.883362702492299,13.653087604111196,67.40182617842368,17.468139339719325,19.060089999137865,75.11566217518364
20.69297861044923,29.80301429134041,4.1729769700449575,4.563844770490692,35.4762465445379,38.280748345882444,33.51698112788351,12.412370264418762,80.0
67.18439642922193,4.066303812591168,6.116659183199716,4.1511031480169756,20.585683925093292,24.85515698307513,16.482418971644343,15.128284407354636,5.0
39.806181167048365,17.507919963236983,18.195187925630123,6.956649185584164,23.018607387539156,44.178810725909685,20.741420318473377,10.619055130408853,80.0
89.30569898630611,29.14047099733477,18.14089514537882,2.5734119347181097,17.5731679289918,30.41147089919052,31.818256262115046,13.047976596150296,25.879847837908997
17.376884973139394,16.646739636764167,16.208117005689786,9.524631247527141,25.75327980022246,61.6970653341477,31.048339169795216,2.347712106541695,80.0
35.695971594523265,19.623161867787353,17.50173688944395,7.970277636947745,10.723335540475798,40.76598359226713,14.652535446156932,5.833440035995093,79.21527316166606
15.212616911653017,21.48096329156928,13.796748862016106,1.3494045219664654,18.687853782811622,78.53661205159489,30.06608274489276,7.875208770897635,80.0
88.22242564507064,14.72714981349765,6.669076943220342,4.467017369956819,38.92943128173506,58.45832464071992,21.454672168447317,9.977373745123758,47.77091633642343
83.9605418042883,19.571626242353776,8.969551840846027,8.851623921840565,14.034670144539463,69.34883381806165,22.07422180213388,1.867326164545291,52.179049603176665
28.214746494364004,18.36080073384681,4.949144061634929,9.474954211768397,27.985783258945226,27.951480364510907,13.336999310398594,3.660457853513036,80.0
64.39856414307611,27.23242429374769,22.757038752673893,4.940314356873762,16.38165224786432,71.72086893635736,12.015037843928116,6.25947184803481,80.0
78.54999801810942,3.2724986495608204,14.793098971769952,6.327408197501724,32.071559399031024,75.36543143080365,28.19848267434413,19.459121127119964,69.19260643913577
54.96807304395161,9.86696930858245,10.320859710709177,2.0868224878747146,9.580578125142244,49.22371512913615,22.411528808882494,7.295593134957964,41.42618366415564
52.66855205204058,28.611521554143643,11.819142189281251,9.916101948301277,38.943736577749064,56.37517626505865,20.921267565379488,10.158780104129567,80.0
26.76670618104065,26.927385948945656,23.708441820489476,2.700881163142712,20.882633948427376,65.88858805417973,28.237705716309918,4.725856542029466,80.0
13.37924910253093,14.758389077999961,4.257109376343965,9.455951854283693,13.261766217126238,30.490317635624752,29.137822474777742,12.604821350439597,80.0
85.74941821579941,19.363712738443027,14.862630884411532,6.671643165427501,7.572386156550444,50.15396458780654,13.97270419173384,6.332981094803512,8.003537249707938
86.03762514469975,9.766673123471715,12.894272632669416,6.273499551349162,10.941526678063926,43.919781666338785,25.255628736941034,4.932858990330109,6.862936056906926
61.979131154594114,7.267392472265317,15.480628768148872,5.370540854656832,23.192088199460617,28.782439529734948,13.383852056942139,10.814879940473602,18.883949274811382
35.51268119438306,14.983555338319501,0.9436995036105924,2.6913632113187074,16.79511117509502,42.05206533749188,28.784377150726144,1.1046101840479956,80.0
36.428861715139476,11.893862384729479,21.86703576913171,2.1770163040523283,34.01091780589133,24.090338563129613,26.42387890667849,1.1456166203352813,80.0
70.33601109832155,18.342371131824418,23.336897920848504,2.5946189861666658,20.081063328163207,21.54871441696922,33.91536552708645,5.162307372935298,42.389524235413994
85.73992339573194,4.176569835019576,14.34576299793562,2.2711634903704176,13.704999540567046,28.109977349289366,11.723950408910529,1.6977058875156017,5.0
84.83777818386056,29.283054614652663,17.56794518498386,7.906052498884156,26.60007453114105,77.78690669535044,11.426368028781358,3.0524893284831363,80.0
75.18879912718614,29.61390084542888,23.101234838843745,3.826189962083936,29.737202590990602,52.97177215370102,17.054676867330002,7.43835233743628,77.58373897815257
62.7828481538859,21.548527992552863,17.827346540678267,1.0495054273522655,10.846466776533244,77.94932966919319,16.54264209339765,16.249127912016444,77.15590337470348
12.572596849554394,17.01069825763537,4.237206551399403,9.706474986337708,10.866672570091119,45.94987269980792,16.174469976799998,11.868924224016716,80.0
19.54658426851524,10.666773256017176,14.619064824086923,8.895965907152544,6.283499942674004,38.70896798511558,32.65636451302592,10.740686793171912,80.0
85.86987696743714,24.786260551794562,15.36451863637997,9.313646690354524,30.774070527297418,50.36851177041464,16.238654996237653,6.576287640954311,52.88741641060463
59.57861536936309,21.17247283150862,10.891201446908457,9.951624315141135,28.23315846676318,46.37070131797461,16.798743153215774,18.703320669223512,72.97710339101423
5.827734645496668,6.553274301656956,18.54288377280571,2.1520048675851293,21.612080651243485,26.339881055704634,28.984956560449092,8.543285783506642,80.0
14.132438857942889,27.50596116582759,23.391991861840864,4.264299179575258,34.5459657139219,58.44957888141237,21.2434960612635,2.6547625691196584,80.0
64.71515921972502,25.03104280184873,23.17642856621602,7.703265519188867,33.19845535325186,32.96229095057598,29.41776392387953,12.724263806238223,80.0
5.455542546159682,28.59439757217387,11.545564599401237,7.112195871511026,25.487402753886325,57.175277293869776,11.63415393910963,3.1629294760554267,80.0
19.472724627574877,22.32014623487408,3.2743321230985036,1.962011110228623,35.38949481796405,59.0120655438892,22.189279841834608,7.55923971323215,80.0
54.38604104299275,19.175625486202115,24.6286093745772,8.250414687410869,12.20444235128689,29.12149118771889,10.840340004582066,10.640826835638368,39.24957285196106
67.27056779234239,13.710805016137328,21.053003117925385,2.632185432448276,8.917186678920476,23.68097762664009,11.566330086383863,17.61022796901834,5.0
63.67651335523405,28.11639753391237,3.5542356894800378,2.6262673408149193,14.441236403094637,66.84569516410639,32.66093633361027,10.377385026462255,80.0
25.18423785145038,26.249788906011435,23.060626124125623,5.601257017487429,6.99803996312602,47.588025426159206,13.48113427793988,14.34291655460162,80.0
69.09612992127823,3.2661227629733034,21.81246087052214,6.13292938099618,23.59093348003612,23.489827730328546,23.31051705688043,19.863519940982336,12.177616426937037
26.352417874712007,2.738275285923056,13.211532399588767,6.010818974459206,37.78119923032365,79.69197903018602,20.277390065017663,3.498293278061651,80.0
34.285972834334096,12.54097427258539,14.986248175750767,1.3691249552786713,6.377023923397838,23.466833659781997,18.683583156471066,6.219898984870871,42.21224005115511
72.18422646062217,24.695493261891322,10.275566244818192,8.835878194988613,9.273846990350938,61.702113731513194,32.49583364218181,8.496945436355283,72.99759562540852
63.46696091424932,29.643731620818446,1.8416601511397677,3.0232004045927074,20.826965989920232,79.02073551580482,10.545584919387238,9.014735392237796,80.0
81.43010694447601,6.211672950898789,8.712332420324573,1.7303917521866397,37.685625613476674,34.350806252955536,26.594742154389728,8.809400430045368,20.50991115027739
64.18516030703091,18.635660029859785,20.169909490651282,8.943106758755283,16.06546367418627,28.53496212123177,34.08486085533876,18.244609048574542,57.42222124182703
56.147774300192445,12.664943985668602,0.61348456361277,9.578689233182658,22.753218304093735,27.283096365345735,24.00420458654605,14.566620244870272,36.689313119890365
13.430729104528323,29.157603138808888,8.670729706433033,8.69021236402178,6.455050066763723,38.196508854055736,33.420561550827294,12.550199067723371,80.0
38.09442227534902,25.579329847799844,10.255132992978112,8.190402709886342,10.19201203367311,26.062748660638803,11.306446982150595,6.878081639392859,60.18388052879303
28.86821309135529,25.47320373191186,13.66619227197911,6.724798816070706,39.53205430355964,61.52968050164792,20.469832976854036,16.652017300204598,80.0
26.95906790411752,15.123408474259168,23.036462602112632,5.733145020786823,38.77915437526159,23.737507887803762,16.503944774051277,19.14614971821479,80.0
92.57094992772011,13.614946065454625,8.98547686196605,1.3263742191583963,5.172899332704336,50.56532768898738,28.270524124518246,16.602767368454302,5.0
40.378795220008435,9.655398014059774,9.000353446457579,4.3803055241716375,38.313412489813366,79.8018112311786,34.53242726243117,1.0297369986379852,80.0
85.2841899659402,3.578513906225959,18.568780578688834,4.040540911616983,27.369197823542514,68.83821617036114,16.413251561106193,13.091626033484733,29.236553667983603
61.80247633975366,26.21222653514149,11.579339551800276,2.967660945723099,35.37714030820077,56.913166293860655,26.354365036851863,1.9715722473999138,80.0
76.53301731874836,24.761228255642173,6.002818162029558,7.372491080041557,20.915894947185066,38.3752172471967,14.952440818993503,5.894537186340715,27.974480256973543
50.23733837946729,29.992094852011657,11.584768145250989,5.210819483248323,23.04586100027376,57.43375017749831,24.133256364290247,2.1309693066076623,80.0
56.92134961637232,29.90583143806935,3.9509969993050964,1.2699390511226554,22.109630308992205,51.6224878346991,21.598312167208405,12.472113606038366,79.56572204792806
49.32659244369775,17.55208775687357,4.821481169402471,2.591740418523208,28.340249014113652,45.565003033422286,34.300133240788426,14.04520835635953,80.0
22.571868901824004,23.531647625054294,12.710010432117254,6.990958254766161,9.887793916470951,27.842622604411968,25.213181817411666,3.1752651232521973,80.0
70.02069037353547,28.453440436707986,10.763673512861423,1.2232431651578517,6.049075645543729,73.196252914428,18.73765930217047,8.29293877785461,64.4905326238998
30.269512619677023,25.79012693896752,22.913724576168452,8.586465683463302,15.777547955691682,46.98707892927935,12.852394622198334,9.668493670155298,80.0
7.188436978830845,8.925746848809535,9.378650528357511,5.203892006632756,29.663826695782635,31.677350709245903,13.781170718373364,8.012007413457415,80.0
63.0925066316451,14.615235788682618,14.724414581812065,5.065572484603156,12.064870824303192,42.06556105263738,15.632923248780877,3.2994750092186678,33.23934850872085
20.939961146634403,5.6164636242418595,15.990475054028494,6.127873954265417,28.570135166372104,44.84778515173562,16.27416653350745,8.960008013562032,80.0
89.64127259176229,28.713428763244227,0.820814186414174,8.334469176288916,38.94692161375446,69.65227373401245,31.265401446028445,15.272382908359944,80.0
90.85357193023286,18.97288976462464,16.75666561440941,3.804187475070834,8.286525052629644,64.01686283368412,24.030569707063123,2.349145626131854,27.3796543056773
87.33779511984037,8.401998554096956,4.86188118830891,6.941153449311104,28.54107413787942,66.15829361848039,23.08477278435916,2.5234202675561654,35.073518095870874
38.31428302299,20.807619163363988,24.046222778001653,5.874453657960015,20.53125767565999,20.661875865718834,12.869221796730436,7.7406545448837,67.38888881542508
6.391095487598069,19.307590732821083,4.142236829951267,3.036768566609503,35.384978903212684,44.96923989078569,31.503492333735874,18.892788520759577,80.0
88.54867063289528,12.028556104919534,10.658291031312082,8.846984870374001,11.200242630658508,48.88064909811942,28.070357580212093,13.702880287735367,13.964651338115985
43.53657334855829,5.179612581589613,2.5910668679267745,8.075547205265817,29.24190832791576,21.151536609383403,11.691709047500039,13.894729176778732,30.15613409957511
91.99893371393026,20.80404947659839,24.92341917022571,6.755292429255042,34.334035137683856,35.58879252470206,27.69587743074422,7.876479825919434,45.47185248171961
91.72579793803276,16.56861562530621,12.803777753115444,8.580526426395299,38.061497681590815,65.6173893873281,23.588455433566153,12.27955503296223,64.23620305229548
81.7708509920624,23.6249149685979,15.086932924341072,8.739294909118122,28.913680990137603,28.226582343739942,12.043133643669456,1.1924924965271242,26.891175864461022
31.50040028626271,16.564578031135817,2.1433736960164733,7.22944827879283,22.401116740294956,52.1186078871555,21.45751603821641,13.085824881781303,80.0
39.658795574173276,25.861082008919123,18.874031524779856,8.451626619454885,26.624653407042484,32.91211232103425,22.117407178251174,18.3524520039485,80.0
81.60230043651713,17.453391485685593,5.642687030841851,7.125978885858195,35.41167445675514,20.727246478633596,14.144363504081895,12.638895898551564,7.625343674775504
33.522980464064986,17.706263202990815,22.502330091297488,6.961337331722854,24.97134113235904,34.472087455972485,33.64245367500706,17.600273275860555,80.0
20.254347201748324,26.546300874433662,5.525921191809176,6.376808093044251,6.06354708938929,78.55242529460322,31.249384287016547,14.755488053855782,80.0
55.11211362125152,13.297520253947116,5.171849156259831,7.650808075797592,37.583204342744224,68.09222671297937,26.725558433227707,3.290609911670115,80.0
89.25392967447029,5.75242639661794,1.3954668622783246,2.0067485002842003,29.13343628610464,77.574598659262,21.55738902501518,18.146612838430993,31.974158164909788
67.64268170074757,2.8059149367734912,12.065640155194982,8.86827221238982,28.677968502203626,49.27124263558174,20.29413853961271,2.2624330427597226,47.083694127823286
56.30550530804285,23.143843158861333,14.338607764934103,8.782513513579705,12.548630333920102,26.58417192065021,26.274336678773853,11.145381978407512,54.045725415767734
13.745884439369169,19.36866743789701,2.109861665994633,0.7778491888283119,28.060991458143,52.87756933842158,23.635796735172637,3.7006053520756956,80.0
60.350650402925275,21.71423350677826,19.50042660902776,8.345259130365246,18.785254197895547,47.26264007359765,11.55682764704714,1.2224256038871772,64.70623364377745
94.10484650938369,7.962996522249501,11.605576451326677,1.7242637409977295,27.79315419645222,70.66142496437695,22.812566219258294,9.018650942425142,32.83214964143659
17.60756137128716,5.818401316429553,13.347561598525711,3.683629115461848,8.730756060779676,25.884954847054676,30.160090430820986,6.6057734454289685,75.33627598828761
51.64966871273631,2.407250638700694,11.29868729998659,7.563328434770273,28.02458566110626,49.29446822130669,21.48099693992395,10.234009382154458,61.63808580677287
83.96357647351599,11.816451646584715,10.318694991445486,2.0272190124589278,39.979480401973326,29.002919881639055,11.29891443885671,11.966797847956466,5.0
71.6691755978784,18.517695231929725,14.211188117051337,8.270686729131091,6.687421360119461,39.480555613403595,29.656954984600826,1.83104237387,38.848398346376484
67.73141668957412,12.982833262792505,4.303386025302457,8.40527469059855,39.2010964477461,64.24142464326798,15.03409455339936,3.337062607351167,78.28586259023379
68.22356755883983,14.249297816664413,4.957239197134142,5.3209434707279435,19.24177862530047,48.56108776212599,16.46552087220097,11.614205532558081,31.973568561864763
37.35420360977797,27.316443445824955,21.613747714831174,0.560665781309919,35.47637076180407,42.553297108746165,14.117658835807397,7.520179710280506,80.0
31.423265983804402,11.75115307665241,23.679828822274,3.2268622651616714,32.38349194203957,43.66857671420212,18.25537662178744,14.854296263439512,80.0
77.84250399306623,16.391705696474702,9.646078248853946,6.360805724569551,24.845569134533374,47.5668061043592,28.918787642215875,13.393541323246854,45.12986625746762
77.91020552112627,23.942284356752005,7.1332444920170675,9.821268691260522,30.845722323796426,67.10099263022342,22.984646487598432,17.06648289680823,80.0
83.03650867220934,13.103197904995564,16.277988809355886,6.50222850665835,35.748044645547175,73.52508133641406,15.122031853767814,14.15736370671528,65.00706095099322
87.19164973008242,19.418427606380458,10.513987191903361,2.968134020109518,19.144911257786156,77.3200811902357,31.94575195380102,9.168690470412814,63.765162348375156
51.020815897484404,26.146183844908865,1.121965713678449,6.523054179446308,16.446160654713353,67.2142031753177,31.98954637378823,13.786365825494215,80.0
50.136466521847964,28.586577462413977,4.325738635471664,5.629861107300627,28.365768494725465,38.924413744880766,31.76446062615017,6.232242310852952,80.0
76.84656610700976,6.118057466013062,18.04131960676124,7.908531253935864,33.27460796794405,61.28808236519253,15.969905284538482,6.819956476786041,53.179603752472154
63.49675376999886,27.944453504521842,16.64363657679871,1.5163160688561048,31.679979717181553,46.25618744332351,21.280983604524703,15.990718038495073,80.0
68.17701895319331,15.77925620622707,1.1638518163353455,7.729765073769266,32.92347771005221,35.28023732276307,34.62474140352188,9.481970811630061,59.88316596597912
76.6213402492491,9.230842872370834,5.9383179673572615,5.642032497423048,20.245416018452655,70.45229476555537,29.30031190774976,16.169226469848695,53.16664824770306
85.10048076358096,14.855801174671317,6.161332516407749,9.64842403666045,33.62419756612576,22.3055809377395,10.679185530638996,16.62602509969729,5.0
35.41956411663823,29.440912107993356,16.961372218168847,3.7477855773675177,9.207316937971296,74.1057195281254,11.630114781512301,17.293684415564393,80.0
38.802465737594964,15.793306631800348,0.9829081749819217,6.509907984772507,24.057118428629735,47.68864787748405,21.598284420308318,18.41606948098294,80.0
13.45837458567821,11.20504508805023,3.050660258622059,9.354267002345166,5.201553117434255,58.232088608496824,32.730505146539,9.188719189752629,80.0
57.045212689655656,19.73522392086832,20.09794409164314,1.473842415911453,16.36050404650946,59.56123533234696,23.467544948817856,7.0584695481016375,80.0
8.234804641706788,8.724077325789406,4.8743442203311735,9.403670628746285,17.826153720498926,73.70706444239218,22.445312700857258,12.061776185288164,80.0
46.90382163192142,4.12417318704259,16.49227964237093,7.034914361857727,18.866044206323938,58.20018093003244,12.636842498915765,8.052276045314924,65.27937845152123
53.838017123681894,5.608632213498178,6.3354781356448,1.1444520614991331,29.341352234145177,56.836015085603705,26.41950261810735,12.420409169204426,72.61180738202141
30.788712691545598,5.585283490817629,2.9363141226039566,3.3591538859947545,18.5995335444621,23.999122433641396,30.552579015005637,14.406131390232668,61.57978430559226
58.174993451210966,6.253275418344241,6.457718679486625,7.2276348421301755,20.704276791788573,51.104481316712246,19.510500187689058,14.079695351350601,43.40373334182985
7.745022494514449,5.887160834183484,18.195539830463648,1.139830713953331,13.314044580601461,29.0101400490225,29.39029627313319,8.116504853382306,80.0
8.361336987429297,19.944492854490008,21.464563468604002,6.030619371674596,18.063812707026905,64.24602612328914,34.11191634752029,4.170343832276304,80.0
79.03405045936924,7.092642363176055,20.840386681891292,3.785889041053089,12.954436954210301,50.73331524876047,15.094161478192227,9.180057430781943,7.636448414482149
37.41715772701366,11.67868393306817,10.230996475652143,6.398697418791032,7.561857331895528,60.8136667525012,23.083240779868532,3.7092887375562658,80.0
16.435446138669633,27.11007547736833,16.868085845980833,0.934549321218872,26.120700768348225,22.500374036143057,17.178448952114387,17.91184366849236,80.0
52.001893404932396,15.270925927360427,5.522115237687614,8.779599658447575,28.387447949425567,25.087520962748194,29.821360475845985,7.571671754019291,66.60452856796972
74.29941977887498,20.691616678588762,7.682119391394825,9.74814520718527,26.682162110336506,62.97940328376094,24.43983414702894,3.934735197243152,79.02951758765138
24.423892474715885,6.824956393645635,22.460227553767435,9.70433962521407,21.222291533020034,24.3250601599204,25.864560438757593,1.4835074382092666,80.0
61.060142823710024,7.384092526642782,0.8185471260130328,7.621692401557785,18.292502306273043,24.275403665915515,29.947853990397352,13.270625339443201,18.698943318300273
12.68127184943912,3.144321255461408,2.594959005934468,1.7358192812410036,35.21667773501388,20.726508514093247,19.89926181656137,13.101144031640121,80.0
